舰船,耐久,炮击,雷击,防空,航空,装填,射程,命中,机动,航速,幸运,反潜
泛用型布里,237.44,23.744,23.744,23.744,23.744,118.72,0.0,118.72,118.72,35.0,100.0,34.344
试作型布里MKII,237.44,23.744,23.744,23.744,23.744,118.72,0.0,118.72,118.72,35.0,100.0,34.344
特装型布里MKIII,237.44,23.744,23.744,23.744,23.744,118.72,0.0,118.72,118.72,35.0,100.0,34.344
杜威,1687.4521600000003,75.98504,283.07088,189.07432000000003,0.0,191.61408,0.0,194.93400000000003,210.1556,44.4,72.0,187.06880000000004
卡辛,1777.52248,77.5708,287.43384,171.78784,0.0,193.33128000000002,0.0,205.87744,210.1556,44.4,66.0,184.29160000000002
唐斯,1777.52248,77.5708,287.43384,171.78784,0.0,193.33128000000002,0.0,205.87744,210.1556,44.4,63.0,184.29160000000002
格里德利,1854.5378400000002,74.53072,444.37744000000004,177.99096,0.0,204.16872,0.0,218.26672000000002,210.94424,46.2,72.0,204.77504000000002
克雷文,1818.2731199999998,73.0764,434.98584000000005,175.22224,0.0,199.67432000000002,0.0,218.26672000000002,210.94424,46.2,72.0,195.52336000000003
麦考尔,1766.31616,73.0764,434.98584000000005,175.22224,0.0,199.67432000000002,0.0,218.26672000000002,210.1556,43.8,69.0,195.52336000000003
莫里,1853.7492,77.30792000000001,454.42624,182.47688,0.0,210.51176,0.0,218.26672000000002,256.1384,43.8,69.0,206.09792000000002
弗莱彻,2128.10264,87.08536000000001,287.43384,176.27376,0.0,199.67432000000002,0.0,212.72928,207.26392,43.2,73.0,209.40088
查尔斯・奥斯本,2164.10448,88.67112,295.09976,182.08256000000003,0.0,218.30912,0.0,233.42472,205.28384,42.0,82.0,215.74392
撒切尔,2086.95768,87.08536000000001,287.43384,176.27376,0.0,212.22896000000003,0.0,222.48128000000003,205.28384,42.0,65.0,209.40088
奥利克,2046.4699200000002,84.17672000000002,282.80800000000005,174.82792000000003,0.0,207.60312000000002,0.0,222.48128000000003,205.28384,42.0,62.0,206.09792000000002
富特,2046.4699200000002,84.17672000000002,282.80800000000005,174.82792000000003,0.0,199.67432000000002,0.0,222.48128000000003,205.28384,42.0,67.0,206.09792000000002
斯彭斯,2046.4699200000002,84.17672000000002,282.80800000000005,174.82792000000003,0.0,199.67432000000002,0.0,222.48128000000003,205.28384,42.0,20.0,206.09792000000002
本森,1870.75584,89.06544000000001,324.31759999999997,175.87944000000002,0.0,207.60312000000002,0.0,207.32328,210.94424,45.0,72.0,196.84624000000002
拉菲,2029.0011200000001,102.81152000000002,306.86576,180.23391999999998,0.0,223.32928,0.0,230.78744,210.94424,45.0,18.0,202.9264
西姆斯,1859.8124,82.32808000000001,290.73679999999996,175.87944000000002,0.0,207.34024,0.0,200.47144,206.4668,42.0,45.0,211.24952000000002
哈曼,1859.8124,82.32808000000001,290.73679999999996,175.87944000000002,0.0,207.34024,0.0,200.47144,206.4668,42.0,47.0,211.24952000000002
埃尔德里奇,1762.4874400000003,82.32808000000001,386.85336000000007,187.48856,0.0,234.42960000000002,0.0,218.26672000000002,271.9536,25.2,75.0,229.75288
奥马哈,3312.95368,144.17272,210.51176,287.11584000000005,0.0,185.1396,0.0,156.06592,127.88264000000001,35.0,67.0,82.29416
罗利,3312.95368,144.17272,210.51176,287.11584000000005,0.0,185.1396,0.0,156.06592,127.88264000000001,35.0,82.0,82.29416
布鲁克林,3550.92792,166.37336000000002,0.0,313.77696,0.0,183.68528000000003,0.0,162.91776000000002,106.83528,32.5,55.0,100.78904000000001
菲尼克斯,3550.92792,166.37336000000002,0.0,313.77696,0.0,183.68528000000003,0.0,162.91776000000002,106.83528,32.5,88.0,97.48608000000002
海伦娜,3688.1428,174.03928,0.0,323.67736,0.0,188.574,0.0,180.31872,106.83528,32.5,33.0,111.22368
海伦娜.改,3928.1428,184.03928,0.0,413.67736,0.0,193.574,0.0,195.31872,106.83528,32.5,33.0,111.22368
亚特兰大,3598.9756,131.3552,159.76744,431.38184,0.0,181.96808000000001,0.0,173.46688,112.35576,32.5,12.0,190.76608000000002
朱诺,3598.9756,131.3552,159.76744,431.38184,0.0,181.96808000000001,0.0,173.46688,112.35576,32.5,18.0,190.76608000000002
朱诺.改,3838.9756,131.3552,209.76744,501.38184,0.0,186.96808000000001,0.0,173.46688,112.35576,32.5,18.0,220.76608000000002
圣地亚哥,3842.99608,139.41544000000002,170.86776,458.44576,0.0,193.33128000000002,0.0,173.46688,112.35576,32.5,85.0,204.77504000000002
圣地亚哥.改,4082.99608,184.41544000000002,170.86776,568.4457600000001,0.0,213.33128000000002,0.0,173.46688,112.35576,32.5,85.0,204.77504000000002
克利夫兰,4406.432720000001,167.82768000000002,0.0,330.2748000000001,0.0,191.61408,0.0,168.19232,109.87536000000001,32.5,71.0,102.37480000000001
哥伦比亚,4406.432720000001,170.86776,0.0,330.2748000000001,0.0,190.02832,0.0,167.40368,109.87536000000001,32.5,70.0,102.37480000000001
彭萨科拉,3366.63632,235.88392,0.0,202.53207999999998,0.0,162.93896,0.0,121.91272000000001,57.38416000000001,26.16,75.0,0.0
盐湖城,3366.63632,235.88392,0.0,202.53207999999998,0.0,162.93896,0.0,121.91272000000001,57.38416000000001,26.16,71.0,0.0
北安普敦,3424.542,243.81272,0.0,209.39240000000004,0.0,169.41344,0.0,125.33864000000001,55.149680000000004,26.16,27.0,0.0
芝加哥,3471.8985600000005,243.81272,0.0,209.39240000000004,0.0,169.41344,0.0,125.33864000000001,55.149680000000004,26.16,32.0,0.0
休斯敦,3525.7126400000006,250.15576,0.0,215.59552,0.0,174.4336,0.0,125.33864000000001,55.149680000000004,26.16,49.0,0.0
波特兰,4671.15288,207.60312000000002,0.0,251.08856000000003,0.0,172.58496000000002,0.0,129.29032,61.07296,26.16,78.0,0.0
印第安纳波利斯,4843.94984,213.81472,0.0,257.55456000000004,0.0,177.2108,0.0,129.29032,61.07296,26.16,23.0,0.0
阿斯托利亚,3971.396,221.61208,0.0,231.03336000000002,0.0,163.20184,0.0,125.99584000000002,59.09288,26.16,15.0,0.0
昆西,4107.919760000001,221.61208,0.0,235.65072000000004,0.0,163.46472,0.0,129.29032,59.09288,26.16,9.0,0.0
文森斯,4107.919760000001,221.61208,0.0,235.65072000000004,0.0,163.46472,0.0,125.99584000000002,59.09288,26.16,12.0,0.0
威奇塔,3795.1137600000006,271.17344,0.0,227.0732,0.0,182.23096,0.0,135.22208,51.86368,26.4,70.0,0.0
巴尔的摩,4697.0084,274.21352,0.0,266.00064,0.0,186.85680000000002,0.0,139.83944000000002,59.09288,26.4,56.0,0.0
内华达,7140.639120000001,383.81327999999996,0.0,206.49224,0.0,134.52672,0.0,70.49000000000001,26.97912,20.5,75.0,0.0
俄克拉荷马,7121.97464,383.81327999999996,0.0,206.49224,0.0,134.52672,0.0,70.49000000000001,26.97912,20.5,38.0,0.0
宾夕法尼亚,7366.48696,395.05352000000005,0.0,217.5756,0.0,139.28400000000002,0.0,72.47008,28.030640000000002,21.0,72.0,0.0
亚利桑那,7307.93256,405.10232,0.0,223.77872,0.0,141.26408,0.0,72.47008,28.030640000000002,21.0,17.0,0.0
田纳西,7561.19624,396.90216000000004,0.0,215.98984000000002,0.0,141.26408,0.0,71.68992000000001,29.2136,21.0,51.0,0.0
加利福尼亚,7561.19624,396.90216000000004,0.0,215.98984000000002,0.0,141.26408,0.0,71.68992000000001,29.2136,21.0,36.0,0.0
科罗拉多,7633.6705600000005,415.15112,0.0,221.00152000000003,0.0,151.83864,0.0,71.42704,31.44808,21.0,67.0,0.0
科罗拉多・改,7873.6705600000005,445.15112,0.0,251.00152000000003,0.0,176.83864,0.0,91.42704,31.44808,21.0,67.0,0.0
马里兰,7692.62776,410.9196,0.0,221.00152000000003,0.0,148.93,0.0,66.15248000000001,31.44808,21.2,70.0,0.0
西弗吉尼亚,7633.6705600000005,415.15112,0.0,221.00152000000003,0.0,151.83864,0.0,72.08424,31.44808,21.0,61.0,0.0
西弗吉尼亚・改,7873.6705600000005,445.15112,0.0,251.00152000000003,0.0,176.83864,0.0,92.08424,31.44808,21.0,61.0,0.0
北卡罗来纳,8038.208960000001,426.69664,0.0,409.11760000000004,0.0,161.48464,0.0,72.08424,34.3652,28.0,81.0,0.0
华盛顿,8271.52344,426.69664,0.0,409.11760000000004,0.0,161.48464,0.0,72.08424,34.3652,28.0,89.0,0.0
南达科他,8221.53808,419.9508,0.0,409.11760000000004,0.0,161.48464,0.0,74.06432000000001,34.3652,27.8,76.0,0.0
新泽西,9745.40256,453.27720000000005,0.0,438.93327999999997,0.0,172.58496000000002,0.0,76.57015999999999,40.4284,33.0,72.0,0.0
长岛,4802.7285600000005,0.0,0.0,263.36336,284.78808000000004,185.1396,0.0,88.43368,68.476,16.5,68.0,102.37480000000001
博格,4048.3350400000004,0.0,0.0,257.55456000000004,282.80800000000005,181.96808000000001,0.0,88.43368,69.26464,18.0,78.0,150.46488000000002
兰利,4566.64536,0.0,0.0,251.08856000000003,207.34024,125.27504,0.0,83.94776,83.32872,15.5,32.0,97.48608000000002
列克星敦,7072.786400000001,0.0,0.0,310.07968000000005,402.32512,112.32608,0.0,95.43392,58.86392,33.25,35.0,0.0
萨拉托加,7072.786400000001,0.0,0.0,310.07968000000005,402.32512,112.32608,0.0,95.43392,58.86392,33.25,66.0,0.0
突击者,4892.9388,0.0,0.0,253.72584,244.0756,132.80952000000002,0.0,92.5168,76.00200000000001,29.3,71.0,109.37504
约克城,5933.723120000001,0.0,0.0,324.59744,401.13368,123.4264,0.0,98.85984000000002,56.76088000000001,32.5,39.0,0.0
企业,6339.8176,0.0,0.0,337.00368000000003,435.15968000000004,134.52672,0.0,110.1976,64.30384000000001,32.5,93.0,0.0
大黄蜂,5960.62168,0.0,0.0,313.77696,406.81952000000007,123.4264,0.0,98.85984000000002,56.76088000000001,32.5,15.0,0.0
胡蜂,5010.71328,0.0,0.0,278.66976,334.76072000000005,119.06344,0.0,90.94800000000001,53.33496,29.5,20.0,0.0
女灶神,4733.879440000001,50.87576000000001,0.0,155.82424000000003,0.0,171.13064000000003,0.0,111.77488,45.1348,16.0,79.0,0.0
女将,1404.0548,66.33904000000001,365.03856,157.41,0.0,194.7856,0.0,210.09199999999998,272.22496000000007,44.4,72.0,179.53432000000004
女将.改,1569.0548,66.33904000000001,365.03856,197.41,0.0,194.7856,0.0,210.09199999999998,292.22496000000007,47.4,72.0,219.53432000000004
阿卡司塔,1404.0548,69.51056,365.43288,157.41,0.0,196.10848000000001,0.0,194.2768,269.71912000000003,42.0,43.0,176.09992000000003
热心,1404.0548,69.51056,365.43288,157.41,0.0,196.10848000000001,0.0,194.2768,269.71912000000003,42.0,35.0,176.09992000000003
小猎兔犬,1382.6936799999999,66.47048,359.61560000000003,153.58128000000002,0.0,193.0684,0.0,197.57128,269.71912000000003,42.0,71.0,195.52336000000003
大斗犬,1382.6936799999999,66.47048,359.61560000000003,153.58128000000002,0.0,193.0684,0.0,197.57128,269.71912000000003,42.0,65.0,200.01776
彗星,1393.1113599999999,69.51056,354.85832,153.9756,0.0,193.33128000000002,0.0,200.47144,270.37632,43.2,54.0,209.26944000000003
新月,1393.1113599999999,69.51056,354.85832,153.9756,0.0,193.33128000000002,0.0,200.47144,270.37632,43.2,35.0,209.26944000000003
小天鹅,1393.1113599999999,69.51056,354.85832,153.9756,0.0,193.33128000000002,0.0,200.47144,270.37632,43.2,72.0,213.76384
狐提,1406.56064,72.68208,355.38408000000004,153.58128000000002,0.0,194.7856,0.0,203.10872,269.71912000000003,42.6,68.0,217.0668
命运女神,1436.4992800000002,73.0764,362.52424,157.41,0.0,197.95712000000003,0.0,203.10872,269.71912000000003,42.6,68.0,221.56119999999999
格伦维尔,1555.0539200000003,87.08536000000001,369.79584000000006,168.6248,0.0,204.43160000000003,0.0,207.32328,270.37632,43.2,32.0,218.91544000000002
萤火虫,1446.7855200000001,80.61088000000001,375.35024,168.6248,0.0,204.43160000000003,0.0,210.09199999999998,270.37632,43.2,36.0,218.91544000000002
勇敢,1555.0539200000003,82.32808000000001,379.58176000000003,160.70448000000002,0.0,204.16872,0.0,222.48128000000003,270.37632,43.2,40.0,195.26048
猎人,1404.0548,77.5708,360.93847999999997,160.17872,0.0,199.67432000000002,0.0,215.62944000000002,270.37632,43.2,24.0,190.50320000000002
标枪,1619.9344,82.0652,379.58176000000003,164.13888000000003,0.0,210.51176,0.0,218.92392,270.37632,43.2,65.0,218.91544000000002
天后,1573.77776,77.96512,369.53296,159.65295999999998,0.0,204.16872,0.0,218.92392,270.37632,43.2,40.0,213.76384
吸血鬼,1346.95472,72.68208,381.16752,159.65295999999998,0.0,199.67432000000002,0.0,187.95072000000002,252.1952,40.8,42.0,210.72376
利安得,3322.2392800000002,148.66712,274.21352,328.82048,0.0,174.4336,0.0,149.21408,128.67128000000002,32.5,44.0,127.34416
阿基里斯,3044.0062399999997,166.11048,328.812,301.76504,0.0,177.47368,0.0,152.64000000000001,114.59024000000001,32.5,54.0,130.38424
阿贾克斯,3044.0062399999997,166.11048,328.812,301.76504,0.0,177.47368,0.0,152.64000000000001,114.59024000000001,32.5,74.0,130.38424
黛朵,3831.1834400000002,160.03032000000002,180.51376,396.00327999999996,0.0,196.10848000000001,0.0,164.7664,114.59024000000001,32.25,85.0,171.47408000000001
南安普顿,3773.6720800000003,153.55584000000002,276.99072,314.30272,0.0,174.4336,0.0,161.47192,119.06768000000001,32.0,32.0,105.54632000000001
谢菲尔德,3884.3403200000002,158.31312000000003,299.46272,358.65312,0.0,185.40248000000003,0.0,164.7664,119.06768000000001,32.0,78.0,89.29440000000001
曼彻斯特,3724.7128000000002,143.90984000000003,276.99072,338.98376,0.0,177.2108,0.0,162.26056,126.69120000000001,32.0,41.0,138.57592
格罗斯特,3875.36,158.31312000000003,284.78808000000004,324.20312,0.0,178.92800000000003,0.0,161.47192,119.06768000000001,32.0,45.0,143.99040000000002
爱丁堡,4588.485600000001,159.76744,284.78808000000004,320.37440000000004,0.0,178.92800000000003,0.0,164.7664,119.06768000000001,32.0,37.0,102.63768
贝尔法斯特,4062.0175200000003,181.96808000000001,344.94096,299.65352,0.0,185.40248000000003,0.0,164.7664,113.93304,32.0,88.0,147.16192
阿瑞托莎,2896.62808,158.31312000000003,274.21352,331.32632,0.0,190.02832,0.0,175.04416,119.06768000000001,32.0,69.0,117.43528
加拉蒂亚,2896.62808,158.31312000000003,274.21352,331.32632,0.0,190.02832,0.0,175.04416,119.06768000000001,32.0,26.0,94.446
欧若拉,2982.8951199999997,164.65616000000003,282.80800000000005,341.09528,0.0,197.95712000000003,0.0,176.8928,119.06768000000001,32.0,84.0,110.9608
伦敦,3644.49624,226.63224000000002,226.36936,217.5756,0.0,167.82768000000002,0.0,120.06408,69.87096,25.6,62.0,0.0
伦敦.改,3924.49624,236.63224000000002,226.36936,302.5756,0.0,167.82768000000002,0.0,140.06408,84.87096,25.6,62.0,0.0
什罗普郡,3542.27408,221.61208,218.70344000000003,212.69536000000002,0.0,162.93896,0.0,120.06408,69.87096,25.6,75.0,0.0
什罗普郡.改,3822.27408,276.61208,248.70344000000003,212.69536000000002,0.0,167.93896,0.0,120.06408,69.87096,25.6,75.0,0.0
肯特,3589.89352,221.61208,218.70344000000003,212.69536000000002,0.0,162.93896,0.0,120.06408,67.89088000000001,25.2,71.0,0.0
萨福克,3554.9940800000004,221.61208,218.70344000000003,212.69536000000002,0.0,162.93896,0.0,120.06408,67.89088000000001,25.2,72.0,0.0
诺福克,4727.8756,180.51376,143.90984000000003,247.25984000000003,0.0,162.93896,0.0,120.06408,71.3168,25.2,69.0,0.0
多塞特郡,4865.58232,185.40248000000003,248.43856000000002,255.44304,0.0,167.82768000000002,0.0,120.06408,71.3168,25.2,33.0,0.0
约克,3761.6813600000005,229.54088000000002,196.10848000000001,248.8456,0.0,178.92800000000003,0.0,134.56488,75.12856000000001,25.8,15.0,0.0
埃克塞特,3791.6200000000003,229.54088000000002,196.10848000000001,248.8456,0.0,178.92800000000003,0.0,129.17584000000002,75.12856000000001,25.8,49.0,0.0
声望,6356.489280000001,381.16752,0.0,282.36704000000003,0.0,158.576,0.0,74.59008,38.98256,32.58,85.0,0.0
反击,6176.86592,359.61560000000003,0.0,274.44672,0.0,155.01015999999998,0.0,70.6384,37.002480000000006,31.5,28.0,0.0
胡德,8637.579600000001,347.90047999999996,0.0,330.80056,0.0,161.48464,0.0,70.6384,38.98256,31.0,38.0,0.0
伊丽莎白女王,7690.779120000001,408.57912000000005,0.0,217.5756,0.0,147.47567999999998,0.0,70.6384,34.88248,24.0,25.0,0.0
厌战,7968.452480000001,431.10200000000003,0.0,224.83024,0.0,161.48464,0.0,78.01599999999999,34.88248,24.0,90.0,0.0
厌战.改,8208.45248,451.10200000000003,0.0,294.83024,0.0,181.48464,0.0,103.01599999999999,34.88248,24.0,90.0,99.33472
纳尔逊,7836.300160000001,412.41632000000004,0.0,223.77872,0.0,151.83864,0.0,72.08424,34.88248,23.5,66.0,0.0
纳尔逊.改,8076.300160000001,442.41632000000004,0.0,253.77872,0.0,171.83864,0.0,97.08424,34.88248,23.5,66.0,0.0
罗德尼,7811.24176,412.41632000000004,0.0,223.77872,0.0,151.83864,0.0,72.08424,32.9024,23.0,81.0,0.0
英王乔治五世,8159.138000000001,428.41384,0.0,270.22368,0.0,158.576,0.0,72.08424,36.59968,28.3,77.0,0.0
威尔士亲王,8155.589120000001,428.01952000000006,0.0,235.65072000000004,0.0,158.576,0.0,71.42704,36.59968,28.3,19.0,0.0
约克公爵,8155.589120000001,426.69664,0.0,230.63904000000002,0.0,155.27304,0.0,72.08424,36.59968,28.3,73.0,0.0
前卫,9690.53696,422.46512000000007,0.0,435.342,0.0,178.92800000000003,0.0,80.65328,39.23696,30.0,52.0,0.0
竞技神,4257.37128,0.0,0.0,253.20008,284.78808000000004,175.75648,0.0,83.94776,69.02720000000001,25.0,41.0,105.8092
独角兽,5464.01592,0.0,0.0,274.0524,311.22871999999995,183.68528000000003,0.0,86.58504,68.37,24.0,78.0,110.69792000000001
独角兽.改,5674.01592,0.0,0.0,344.0524,356.22871999999995,188.68528000000003,0.0,91.58504,68.37,24.0,78.0,110.69792000000001
鹰,6341.547520000001,218.30912,0.0,314.30272,375.08736,114.17472000000001,0.0,92.5168,48.98048,24.0,40.0,0.0
皇家方舟,6251.710400000001,0.0,0.0,314.30272,405.23376,119.06344,0.0,104.92304000000001,55.31504,31.0,87.0,0.0
光辉,6713.620239999999,0.0,0.0,303.35080000000005,405.23376,119.06344,0.0,93.58528,55.31504,30.5,44.0,0.0
胜利,6409.98112,0.0,0.0,295.43048,415.414,105.98304000000002,0.0,92.79664,55.31504,30.5,82.0,0.0
可畏,6634.72656,0.0,0.0,295.43048,419.11976000000004,119.06344,0.0,92.79664,53.33496,30.0,75.0,0.0
光荣,6462.7436800000005,0.0,0.0,299.12776,365.30144000000007,110.87176000000001,0.0,90.94800000000001,53.33496,30.0,32.0,0.0
黑暗界,3731.22544,286.11096000000003,0.0,175.22224,0.0,147.47567999999998,0.0,83.30752,63.315920000000006,12.0,91.0,0.0
恐怖,3731.22544,286.11096000000003,0.0,175.22224,0.0,147.47567999999998,0.0,83.30752,63.315920000000006,12.0,19.0,0.0
吹雪,1842.1400800000001,63.430400000000006,516.03344,149.62112,0.0,216.98624,0.0,206.66608000000002,246.92064,45.6,34.0,198.432
白雪,1842.1400800000001,69.51056,514.31624,149.62112,0.0,216.98624,0.0,206.66608000000002,251.39808000000002,45.6,41.0,202.9264
深雪,1842.1400800000001,66.33904000000001,515.902,149.62112,0.0,216.98624,0.0,206.66608000000002,251.39808000000002,45.6,10.0,195.26048
绫波,1842.1400800000001,66.47048,516.03344,149.62112,0.0,216.98624,0.0,206.66608000000002,251.39808000000002,45.6,36.0,206.62368
晓,1790.446,61.58176000000001,499.37872,153.58128000000002,0.0,213.81472,0.0,201.12864000000002,251.39808000000002,45.6,45.0,193.67472
响,1842.1400800000001,63.430400000000006,531.36528,157.93576,0.0,218.70344000000003,0.0,201.12864000000002,251.39808000000002,45.6,88.0,198.432
雷,1790.446,61.58176000000001,499.37872,153.58128000000002,0.0,213.81472,0.0,201.12864000000002,251.39808000000002,45.6,52.0,172.92839999999998
电,1790.446,61.58176000000001,499.37872,153.58128000000002,0.0,213.81472,0.0,201.12864000000002,251.39808000000002,45.6,57.0,172.92839999999998
白露,1754.70704,66.33904000000001,516.03344,153.58128000000002,0.0,199.67432000000002,0.0,205.87744,246.26344000000003,40.8,41.0,168.30256000000003
夕立,1873.26168,71.22776,551.98864,160.70448000000002,0.0,229.67232,0.0,215.62944000000002,246.26344000000003,40.8,32.0,203.45216000000002
夕立.改,2038.26168,111.22776,591.98864,160.70448000000002,0.0,229.67232,0.0,215.62944000000002,286.26344000000006,40.8,32.0,203.45216000000002
时雨,1806.0068,66.8648,531.36528,153.9756,0.0,215.53192,0.0,205.87744,246.26344000000003,40.8,84.0,184.16016
雪风,2280.48824,69.51056,532.8196,164.66464,0.0,226.63224000000002,0.0,219.84400000000002,248.76080000000002,42.6,93.0,213.76384
阳炎,1931.6846400000002,66.33904000000001,518.81064,153.58128000000002,0.0,204.16872,0.0,207.32328,248.76080000000002,42.6,25.0,192.08896000000001
不知火,1893.5712800000001,64.88472,508.23607999999996,148.5696,0.0,199.67432000000002,0.0,207.32328,248.76080000000002,42.6,25.0,176.3628
野分,2197.40968,66.8648,532.8196,157.93576,0.0,213.81472,0.0,215.62944000000002,246.92064,42.0,72.0,194.99759999999998
初春,1816.4244800000001,60.12744000000001,484.4412,148.96392,0.0,199.41144,0.0,203.10872,248.76080000000002,43.2,45.0,192.08896000000001
若叶,1816.4244800000001,60.12744000000001,484.4412,148.96392,0.0,199.41144,0.0,203.10872,248.76080000000002,43.2,36.0,192.08896000000001
初霜,1816.4244800000001,60.12744000000001,484.4412,148.96392,0.0,199.41144,0.0,203.10872,248.76080000000002,43.2,51.0,192.08896000000001
有明,1816.4244800000001,60.12744000000001,484.4412,148.96392,0.0,199.41144,0.0,203.10872,248.76080000000002,43.2,34.0,192.08896000000001
夕暮,1659.3621600000001,60.12744000000001,484.4412,148.96392,0.0,199.41144,0.0,203.10872,250.74088,44.7,32.0,192.08896000000001
黑潮,2133.8436,66.33904000000001,518.81064,153.58128000000002,0.0,204.16872,0.0,207.32328,246.92064,42.0,34.0,192.08896000000001
亲潮,2133.8436,66.33904000000001,518.81064,153.58128000000002,0.0,204.16872,0.0,207.32328,246.92064,42.0,34.0,192.08896000000001
夕张,2228.52704,133.0724,280.29368,314.30272,0.0,185.40248000000003,0.0,143.93952000000002,124.34224,35.5,53.0,85.86
长良,2959.0196800000003,142.58696,282.80800000000005,284.47856,0.0,175.75648,0.0,149.21408,132.09720000000002,36.0,36.0,85.86
五十铃,3289.2096800000004,121.97208,223.32928,350.86424000000005,0.0,178.92800000000003,0.0,149.21408,119.06768000000001,36.0,33.0,100.78904000000001
名取,2953.7875200000003,148.93,296.55408000000006,316.2828,0.0,185.1396,0.0,149.21408,124.34224,36.0,43.0,143.99040000000002
由良,2965.9224,148.66712,296.55408000000006,310.07968000000005,0.0,185.1396,0.0,149.21408,124.34224,36.0,40.0,143.99040000000002
鬼怒,2953.7875200000003,150.38432000000003,293.64544,310.60544000000004,0.0,183.68528000000003,0.0,149.21408,124.34224,36.0,52.0,125.88984000000002
阿武隈,2959.0196800000003,142.58696,282.80800000000005,284.47856,0.0,175.75648,0.0,149.21408,132.09720000000002,36.0,43.0,94.31456
最上,4109.3444,204.43160000000003,188.574,190.92296,0.0,191.61408,0.0,153.42864,85.16040000000001,29.6,14.0,46.62728
最上.改,4724.605439999999,267.41240000000005,205.04848,237.52040000000002,0.0,190.80528,0.0,132.60176,83.18032,28.4,14.0,0.0
三隈,4109.3444,204.43160000000003,190.02832,190.92296,0.0,191.61408,0.0,153.42864,85.16040000000001,29.6,13.0,46.62728
古鹰,3518.9837600000005,218.30912,193.33128000000002,164.66464,0.0,166.11048,0.0,114.41216000000001,78.1856,31.05,34.0,0.0
加古,3518.9837600000005,218.30912,193.33128000000002,164.66464,0.0,166.11048,0.0,114.41216000000001,78.1856,31.05,34.0,0.0
青叶,3610.20312,218.30912,193.33128000000002,171.26208,0.0,166.11048,0.0,114.41216000000001,78.8428,32.4,52.0,0.0
衣笠,3610.20312,218.30912,193.33128000000002,171.26208,0.0,166.11048,0.0,114.41216000000001,78.8428,32.4,65.0,0.0
筑摩,4493.80216,266.81048,251.74152000000004,193.69168000000002,0.0,183.68528000000003,0.0,120.6068,78.1856,28.35,42.0,0.0
妙高,5339.601600000001,199.41144,152.23296,198.17759999999998,0.0,166.11048,0.0,128.3872,80.69144,32.4,62.0,0.0
那智,5339.601600000001,199.41144,152.23296,198.17759999999998,0.0,166.11048,0.0,128.3872,80.69144,32.4,58.0,0.0
足柄,4256.7268,237.73256000000003,226.63224000000002,174.82792000000003,0.0,171.13064000000003,0.0,128.3872,78.1856,28.8,60.0,0.0
羽黑,4754.036400000001,242.3584,212.22896000000003,208.34088,0.0,166.11048,0.0,128.3872,78.8428,28.8,82.0,0.0
高雄,4394.87448,274.21352,248.70144000000002,182.47688,0.0,177.47368,0.0,137.87632000000002,82.52312,31.95,65.0,0.0
爱宕,4394.87448,274.21352,248.70144000000002,182.47688,0.0,177.47368,0.0,137.87632000000002,82.52312,31.95,48.0,0.0
摩耶,4394.87448,274.21352,248.70144000000002,182.47688,0.0,177.47368,0.0,137.87632000000002,82.52312,31.95,48.0,0.0
鸟海,4394.87448,265.09328,224.7836,182.47688,0.0,177.47368,0.0,137.87632000000002,82.52312,31.95,50.0,0.0
金刚,6762.426880000001,372.70448000000005,0.0,279.19552,0.0,161.48464,0.0,72.87288,38.57976,30.0,43.0,0.0
比,6762.426880000001,372.44160000000005,0.0,279.19552,0.0,162.93896,0.0,70.8928,38.57976,30.0,37.0,0.0
榛名,6762.426880000001,365.43288,0.0,279.19552,0.0,161.48464,0.0,70.8928,38.57976,30.0,47.0,0.0
雾岛,6762.426880000001,372.44160000000005,0.0,279.19552,0.0,162.93896,0.0,70.8928,38.57976,30.0,37.0,0.0
扶桑,7081.9448,395.05352000000005,0.0,227.0732,0.0,140.73832,0.0,68.25552,32.9024,23.0,13.0,0.0
扶桑.改,7431.9448,394.44064000000003,0.0,309.90472,205.03032000000002,136.36368000000002,0.0,80.25048,32.9024,23.0,13.0,0.0
山城,7482.353440000001,395.05352000000005,0.0,227.0732,0.0,140.73832,0.0,68.25552,32.9024,23.0,14.0,0.0
山城.改,7832.353440000001,394.44064000000003,0.0,309.90472,205.03032000000002,136.36368000000002,0.0,80.25048,32.9024,23.0,14.0,0.0
伊势,7294.61472,403.77944,0.0,234.99352000000002,0.0,143.90984000000003,0.0,72.87288,32.9024,23.0,60.0,0.0
伊势.改,7413.67352,394.48944,0.0,380.17928,278.7704,134.40376,0.0,89.7364,32.9024,23.0,60.0,0.0
日向,7294.61472,403.77944,0.0,234.99352000000002,0.0,143.90984000000003,0.0,72.87288,32.9024,23.0,60.0,0.0
日向.改,7413.67352,394.48944,0.0,380.17928,278.7704,134.40376,0.0,89.7364,32.9024,23.0,60.0,0.0
长门,8311.057200000001,424.93704,0.0,186.96280000000002,0.0,148.93,0.0,72.87288,38.83416,25.0,71.0,0.0
陆奥,8084.7429600000005,415.15112,0.0,189.07432000000003,0.0,147.47567999999998,0.0,73.66152,36.19688,25.0,34.0,0.0
纪伊,8134.465440000001,426.5228,287.43384,375.80816000000004,0.0,147.21280000000002,0.0,73.66152,38.83416,28.5,39.0,0.0
土佐,8248.542640000001,429.16856,220.15776,204.38072000000003,0.0,147.21280000000002,0.0,73.66152,38.17696,26.5,12.0,0.0
武藏,11117.7252,479.42104,0.0,234.99352000000002,0.0,156.72736,0.0,74.31872,38.17696,26.5,33.0,0.0
飞鹰,5328.802320000001,0.0,0.0,252.80576,283.07088,160.03032000000002,0.0,80.65328,70.87584000000001,25.5,43.0,82.29416
隼鹰,5328.802320000001,0.0,0.0,252.80576,283.07088,160.03032000000002,0.0,80.65328,70.87584000000001,25.5,80.0,80.57696
凤翔,3708.33792,0.0,0.0,263.36336,290.73679999999996,178.92800000000003,0.0,83.94776,69.02720000000001,25.0,79.0,94.31456
祥凤,4385.033440000001,0.0,0.0,253.72584,283.07088,180.51376,0.0,80.65328,72.32168000000001,28.0,24.0,85.72856000000002
龙骧,4381.208960000001,0.0,0.0,257.55456000000004,352.21256000000005,181.96808000000001,0.0,92.5168,85.37664,28.0,42.0,73.8396
赤城,6741.58728,0.0,0.0,330.2748000000001,415.15112,132.80952000000002,0.0,92.79664,56.10368,31.5,42.0,0.0
加贺,6928.88504,0.0,0.0,330.80056,413.6968,132.80952000000002,0.0,92.79664,50.697680000000005,28.0,42.0,0.0
苍龙,5370.642640000001,0.0,0.0,319.98008,395.31640000000004,123.4264,0.0,87.52208,58.60952,34.0,36.0,0.0
飞龙,5598.14832,0.0,0.0,317.86856,396.90216000000004,123.4264,0.0,87.52208,58.60952,34.0,36.0,0.0
翔鹤,6885.488640000001,0.0,0.0,357.06736,417.91984,121.97208,0.0,90.15936,58.60952,34.2,49.0,0.0
瑞鹤,7360.46616,0.0,0.0,330.80056,420.03984,121.97208,0.0,90.15936,59.26672,34.5,73.0,0.0
大凤,7481.577520000001,0.0,0.0,326.18320000000006,405.10232,121.97208,0.0,84.8848,56.76088000000001,33.3,36.0,0.0
信浓,8818.614880000001,0.0,0.0,324.59744,443.05456000000004,128.18368,0.0,80.93312,50.697680000000005,28.0,32.0,0.0
明石,4223.87528,44.664159999999995,0.0,164.13888000000003,0.0,183.68528000000003,0.0,110.1976,47.38624,19.2,53.0,0.0
Z1,2102.9128,66.8648,455.74912,157.93576,0.0,210.51176,0.0,194.93400000000003,192.36880000000002,41.0,40.0,200.28064000000003
Z23,2177.0280000000002,122.23496000000002,331.98352,153.9756,0.0,202.7144,0.0,197.57128,203.82952,42.0,65.0,204.77504000000002
Z25,2167.2675200000003,122.23496000000002,331.98352,157.41,0.0,193.33128000000002,0.0,190.71944000000002,201.33216000000002,43.2,72.0,204.77504000000002
柯尼斯堡,3450.67736,155.01015999999998,276.99072,341.09528,0.0,177.47368,0.0,157.24040000000002,126.69120000000001,32.0,42.0,105.94064
卡尔斯鲁厄,3450.67736,155.01015999999998,276.99072,341.09528,0.0,177.47368,0.0,157.24040000000002,126.69120000000001,32.0,39.0,89.03152000000001
科隆,3450.67736,155.01015999999998,276.99072,341.09528,0.0,177.47368,0.0,157.24040000000002,126.69120000000001,32.0,62.0,107.00064
科隆.改,3690.67736,175.01015999999998,321.99072,356.09528,0.0,182.47368,0.0,157.24040000000002,126.69120000000001,32.0,62.0,107.00064
莱比锡,3576.0202400000003,150.51576000000003,274.21352,354.9558400000001,0.0,188.574,0.0,163.17216000000002,121.17072,32.0,67.0,100.78904000000001
希佩尔海军上将,5083.166400000001,254.78160000000003,193.33128000000002,193.69168000000002,0.0,178.92800000000003,0.0,131.81312,64.08760000000001,25.6,66.0,0.0
布吕歇尔,4717.763199999999,293.514,244.0756,213.22111999999998,0.0,185.40248000000003,0.0,131.81312,63.29896,25.6,17.0,0.0
欧根亲王,6394.386400000001,230.04968000000002,155.27304,209.78672000000003,0.0,185.40248000000003,0.0,131.81312,64.7448,25.6,78.0,0.0
德意志,4111.28632,305.54288,223.32928,157.41,0.0,178.92800000000003,0.0,135.23904000000002,55.92136,22.4,72.0,0.0
斯佩伯爵海军上将,4462.93496,301.97704000000004,219.36912,157.41,0.0,177.2108,0.0,129.17584000000002,56.57856,22.8,36.0,0.0
沙恩霍斯特,7632.35616,371.11872,156.85456000000002,253.72584,0.0,160.03032000000002,0.0,68.40392,40.03408,31.0,43.0,0.0
格奈森瑙,7632.35616,371.11872,156.85456000000002,253.72584,0.0,160.03032000000002,0.0,68.40392,40.03408,31.0,64.0,0.0
俾斯麦,8970.83512,428.41384,0.0,212.69536000000002,0.0,155.01015999999998,0.0,75.78152,34.768,30.0,32.0,0.0
提尔比茨,8592.466,428.41384,220.15776,212.69536000000002,0.0,152.36440000000002,0.0,69.19256000000001,34.768,30.0,45.0,0.0
齐柏林伯爵,7659.1784,0.0,0.0,326.18320000000006,428.90568,129.638,0.0,90.15936,52.03752,33.8,45.0,0.0
鞍山,2332.97096,132.80952000000002,231.25808,175.87944000000002,0.0,204.43160000000003,0.0,212.07208000000003,213.45008,45.6,81.0,203.45216000000002
鞍山.改,2497.97096,172.80952000000002,311.25808,175.87944000000002,0.0,204.43160000000003,0.0,212.07208000000003,243.45008,45.6,81.0,203.45216000000002
鞍山.改(主力),3800.88056,172.80952000000002,311.25808,175.87944000000002,0.0,204.43160000000003,0.0,212.07208000000003,201.05008,45.6,81.0,203.45216000000002
抚顺,2332.97096,130.03232,234.42960000000002,177.99096,0.0,204.43160000000003,0.0,209.43480000000002,213.45008,45.6,51.0,203.45216000000002
长春,2332.97096,132.80952000000002,231.25808,175.87944000000002,0.0,202.7144,0.0,207.32328,213.45008,45.6,61.0,203.45216000000002
长春.改,2497.97096,172.80952000000002,311.25808,175.87944000000002,0.0,202.7144,0.0,207.32328,243.45008,45.6,61.0,203.45216000000002
长春.改(主力),3800.88056,172.80952000000002,311.25808,175.87944000000002,0.0,202.7144,0.0,207.32328,201.05008,45.6,61.0,203.45216000000002
太原,2332.97096,130.03232,232.71240000000003,177.99096,0.0,202.7144,0.0,210.09199999999998,213.45008,45.6,71.0,203.45216000000002
太原.改,2497.97096,170.03232,312.7124,177.99096,0.0,202.7144,0.0,210.09199999999998,243.45008,45.6,71.0,203.45216000000002
太原.改(主力),3800.88056,170.03232,312.7124,177.99096,0.0,202.7144,0.0,210.09199999999998,201.05008,45.6,71.0,203.45216000000002
逸仙,1928.1188000000002,122.23496000000002,0.0,354.56152,0.0,185.40248000000003,0.0,150.79136,93.92024,19.0,64.0,56.66760000000001
逸仙.改,2168.1188,177.23496,0.0,389.56152,0.0,190.40248000000003,0.0,150.79136,108.92024,19.0,64.0,56.66760000000001
宁海,2028.1064800000001,148.93,237.73256000000003,295.95624000000004,0.0,185.40248000000003,0.0,156.85456000000002,88.41672000000001,23.2,51.0,77.27400000000002
平海,1995.2592,148.93,237.73256000000003,263.36336,0.0,185.40248000000003,0.0,159.49184,85.77944000000001,21.3,47.0,77.27400000000002
阿芙乐尔,3450.4272,106.37736,226.63224000000002,163.61312,0.0,152.36440000000002,0.0,134.4504,93.92024,19.0,55.0,58.51624
贝利,1870.75584,89.06544000000001,324.31759999999997,175.87944000000002,0.0,207.60312000000002,0.0,207.32328,210.1556,44.4,70.0,195.52336000000003
Z19,2082.3403200000002,69.51056,446.09464,152.52976,0.0,204.16872,0.0,205.87744,192.36880000000002,43.2,39.0,195.52336000000003
Z20,2041.9840000000002,66.47048,438.95448000000005,148.5696,0.0,199.67432000000002,0.0,205.87744,192.36880000000002,43.2,71.0,192.35184
Z21,2041.9840000000002,66.47048,438.95448000000005,148.5696,0.0,199.67432000000002,0.0,205.87744,192.36880000000002,43.2,42.0,193.67472
Z46,2657.1613600000005,91.7112,458.39488,261.25184,0.0,215.53192,0.0,203.10872,194.87464,43.2,63.0,213.76384
岛风,2420.404,77.5708,609.75016,165.05896,0.0,228.08656,0.0,228.01872,293.84047999999996,48.72,41.0,213.76384
神风,1599.75624,61.58176000000001,409.46528,142.36648,0.0,212.22896000000003,0.0,206.66608000000002,250.74088,44.8,86.0,206.09792000000002
松风,1599.75624,60.12744000000001,409.46528,133.9204,0.0,205.88592,0.0,206.66608000000002,246.26344000000003,44.8,45.0,188.91744
睦月,1523.9323200000001,60.12744000000001,433.26864000000006,141.31496,0.0,199.67432000000002,0.0,200.47144,250.74088,44.7,35.0,184.29160000000002
如月,1523.9323200000001,60.12744000000001,433.26864000000006,141.31496,0.0,199.67432000000002,0.0,200.47144,250.74088,44.7,15.0,182.18008
卯月,1523.9323200000001,60.12744000000001,433.26864000000006,141.31496,0.0,199.67432000000002,0.0,200.47144,250.74088,44.7,37.0,184.29160000000002
水无月,1523.9323200000001,60.12744000000001,433.26864000000006,141.31496,0.0,199.67432000000002,0.0,200.47144,250.74088,44.7,45.0,171.34264000000002
文月,1553.2052800000001,61.58176000000001,444.37744000000004,131.67744000000002,0.0,204.16872,0.0,200.47144,250.74088,44.7,27.0,187.06880000000004
长月,1553.2052800000001,61.58176000000001,444.37744000000004,131.67744000000002,0.0,204.16872,0.0,200.47144,250.74088,44.7,35.0,190.50320000000002
三日月,1523.9323200000001,60.12744000000001,433.26864000000006,141.31496,0.0,199.67432000000002,0.0,200.47144,250.74088,44.7,40.0,185.61448000000001
海风,1722.9282400000002,64.88472,500.96448000000004,142.76080000000002,0.0,202.7144,0.0,215.62944000000002,246.26344000000003,40.8,50.0,187.46312
山风,1722.9282400000002,66.8648,494.88432000000006,142.76080000000002,0.0,202.7144,0.0,215.62944000000002,246.26344000000003,40.8,35.0,190.76608000000002
江风,1875.3732000000002,70.96488000000001,551.98864,164.66464,0.0,220.15776,0.0,215.62944000000002,246.26344000000003,40.8,38.0,203.45216000000002
清波,2105.35928,60.12744000000001,503.74168000000003,141.31496,0.0,213.81472,0.0,218.92392,246.92064,42.0,46.0,187.46312
新月,2504.80544,77.96512,375.48168000000004,198.17759999999998,0.0,213.81472,0.0,207.32328,232.16544000000002,39.6,32.0,203.18928
春月,2504.80544,75.98504,368.21008,198.57192,0.0,213.81472,0.0,212.72928,232.16544000000002,39.6,61.0,210.72376
宵月,2504.80544,75.98504,368.21008,204.38072000000003,0.0,213.81472,0.0,212.07208000000003,232.16544000000002,39.6,61.0,203.18928
拉德福特,2104.83352,87.08536000000001,287.43384,176.27376,0.0,204.16872,0.0,222.48128000000003,210.94424,45.6,80.0,209.40088
杰金斯,2130.6805600000002,87.08536000000001,287.43384,176.27376,0.0,204.16872,0.0,222.48128000000003,209.4984,43.2,81.0,209.40088
尼古拉斯,2167.07672,88.67112,295.09976,182.08256000000003,0.0,210.51176,0.0,222.48128000000003,206.4668,42.0,80.0,215.74392
里士满,3312.95368,144.17272,210.51176,287.11584000000005,0.0,185.1396,0.0,156.06592,127.88264000000001,35.0,69.0,94.446
火奴鲁鲁,3550.92792,166.37336000000002,0.0,313.77696,0.0,183.68528000000003,0.0,162.91776000000002,106.83528,32.5,50.0,100.78904000000001
圣路易斯,3688.1428,174.03928,0.0,323.67736,0.0,188.574,0.0,170.8296,106.83528,32.5,65.0,102.90056
丘比特,1573.77776,77.96512,369.53296,159.65295999999998,0.0,204.16872,0.0,218.92392,270.37632,43.2,52.0,213.76384
泽西,1573.77776,77.96512,369.53296,159.65295999999998,0.0,204.16872,0.0,218.92392,270.37632,43.2,20.0,213.76384
川内,2599.2217600000004,152.23296,330.99136,282.36704000000003,0.0,188.574,0.0,156.06592,128.26848,35.3,42.0,109.37504
神通,2676.1226400000005,158.31312000000003,341.43448,291.20744,0.0,194.7856,0.0,156.06592,128.26848,35.3,38.0,101.05192
那珂,2599.2217600000004,153.55584000000002,341.1716,292.92464,0.0,188.574,0.0,156.06592,128.26848,35.3,53.0,105.94064
浦风,2133.8436,64.88472,508.23607999999996,152.52976,0.0,204.16872,0.0,206.66608000000002,246.92064,42.0,27.0,168.03968
矶风,2133.8436,66.47048,508.23607999999996,152.92408,0.0,204.16872,0.0,206.66608000000002,246.92064,42.0,18.0,201.60352000000003
滨风,2133.8436,66.33904000000001,518.81064,153.58128000000002,0.0,204.16872,0.0,207.32328,246.92064,42.0,58.0,190.76608000000002
谷风,2133.8436,66.33904000000001,518.81064,157.41,0.0,199.67432000000002,0.0,207.32328,246.92064,42.0,52.0,168.03968
三笠,5501.09472,339.12368000000004,0.0,176.27376,0.0,166.11048,0.0,74.31872,26.97064,18.0,95.0,0.0
阿贺野,3233.3985600000005,150.38432000000003,358.02984000000004,330.2748000000001,0.0,171.13064000000003,0.0,152.64000000000001,123.40520000000001,35.6,21.0,80.57696
能代,3354.8788000000004,177.47368,378.25888000000003,341.09528,0.0,183.68528000000003,0.0,176.49848,123.40520000000001,35.56,55.0,99.33472
酒,3452.6150400000006,172.58496000000002,382.4904000000001,341.09528,0.0,182.23096,0.0,179.79296,134.20872,35.56,74.0,102.90056
无敌,1724.2426400000002,77.30792000000001,399.81080000000003,160.70448000000002,0.0,204.16872,0.0,203.10872,270.37632,43.2,76.0,226.71280000000002
火枪手,1724.2426400000002,77.30792000000001,405.23376,160.17872,0.0,204.43160000000003,0.0,200.47144,270.37632,43.2,67.0,226.71280000000002
斐济,3670.06768,161.48464,272.62776,261.25184,0.0,185.40248000000003,0.0,176.8928,119.06768000000001,32.0,11.0,119.28392000000001
牙买加,3721.11304,160.03032000000002,272.7592,336.47792000000004,0.0,185.1396,0.0,175.04416,119.06768000000001,32.0,67.0,125.75840000000001
蒙彼利埃,4461.5696800000005,172.58496000000002,0.0,341.09528,0.0,196.63424,0.0,168.19232,109.87536000000001,32.5,72.0,105.8092
丹佛,4406.432720000001,159.76744,0.0,328.29472,0.0,188.574,0.0,165.55504000000002,109.87536000000001,32.5,69.0,102.37480000000001
朝潮,1984.8245600000002,63.430400000000006,514.31624,152.92408,0.0,199.41144,0.0,205.87744,246.92064,42.0,32.0,192.35184
大潮,1984.8245600000002,63.430400000000006,515.902,153.58128000000002,0.0,199.41144,0.0,206.66608000000002,246.92064,42.0,40.0,174.25128
满潮,2012.1259200000002,63.430400000000006,516.03344,153.9756,0.0,199.67432000000002,0.0,207.32328,246.92064,42.0,48.0,192.35184
荒潮,1984.8245600000002,63.430400000000006,515.902,152.52976,0.0,199.67432000000002,0.0,206.66608000000002,246.92064,42.0,32.0,190.50320000000002
小贝法,3306.59792,161.48464,329.07488,289.09592,0.0,188.574,0.0,164.7664,113.93304,32.0,89.0,150.33344000000002
阿贝克隆比,3869.9582400000004,290.47392,0.0,186.43704000000002,0.0,150.38432000000003,0.0,83.96472000000001,63.97312,12.5,38.0,0.0
苏塞克斯,3542.27408,205.88592,218.70344000000003,261.25184,0.0,162.93896,0.0,120.06408,74.33992,25.6,68.0,0.0
伊19,2218.7708000000002,60.12744000000001,556.4830400000001,0.0,0.0,112.32608,0.0,175.04416,46.746,18.8,19.0,0.0
伊26,2118.2828000000004,61.97608000000001,526.4765600000001,0.0,0.0,110.87176000000001,0.0,168.98096,46.746,18.8,26.0,0.0
伊58,2131.33776,60.12744000000001,509.95328,0.0,0.0,80.61088000000001,0.0,173.59832,38.83416,14.4,58.0,0.0
U-81,1341.1544000000001,51.007200000000005,562.69464,0.0,0.0,110.87176000000001,0.0,179.66152000000002,38.83416,14.4,23.0,0.0
鲦鱼,1733.34592,72.68208,509.95328,0.0,0.0,91.7112,0.0,183.6132,43.32008,16.8,68.0,0.0
U-47,1328.7566399999998,49.027120000000004,537.314,0.0,0.0,112.32608,0.0,182.95600000000002,38.83416,14.4,32.0,0.0
U-557,1292.6233600000003,44.664159999999995,505.196,0.0,0.0,85.36816,0.0,171.09248000000002,38.83416,14.4,18.0,0.0
Z35,2143.532,82.0652,446.09464,186.43704000000002,0.0,204.16872,0.0,203.76592000000002,205.80960000000002,43.2,35.0,206.09792000000002
Z18,2082.3403200000002,69.51056,446.09464,152.52976,0.0,204.16872,0.0,205.87744,192.36880000000002,43.2,38.0,195.52336000000003
凯旋,2071.0746400000003,133.33528,271.17344,170.86776,0.0,210.77464,0.0,210.09199999999998,274.06512000000004,54.0,77.0,210.72376
福尔班,1410.5208,70.96488000000001,415.15112,141.70928,0.0,196.10848000000001,0.0,210.09199999999998,258.90712,39.6,69.0,192.35184
埃米尔・贝尔汀,3259.19048,163.20184,277.2536,278.66976,0.0,175.75648,0.0,175.03567999999999,139.31792000000002,34.0,67.0,146.76760000000002
絮库夫,2887.89368,141.13264,515.902,0.0,0.0,77.5708,0.0,171.61824000000001,23.06984,14.8,60.0,0.0
勒马尔,1410.5208,70.96488000000001,415.15112,141.70928,0.0,196.10848000000001,0.0,210.09199999999998,258.90712,39.6,24.0,190.50320000000002
敦刻尔克,6950.55992,362.26135999999997,0.0,232.08488,0.0,166.11048,0.0,73.4156,43.32008,31.0,35.0,0.0
让・巴尔,8227.35536,425.19992,0.0,247.25984000000003,0.0,182.23096,0.0,69.72680000000001,44.108720000000005,32.0,17.0,0.0
马萨诸塞,7967.248320000001,419.9508,0.0,409.11760000000004,0.0,158.576,0.0,76.57015999999999,34.3652,27.5,82.0,0.0
布什,2104.83352,87.08536000000001,286.11096000000003,193.69168000000002,0.0,204.16872,0.0,224.5928,206.4668,42.0,34.0,209.40088
半人马,6784.22472,0.0,0.0,274.0524,426.5228,162.93896,0.0,98.44856000000001,72.32168000000001,28.0,73.0,128.92992
埃塞克斯,6804.7972,0.0,0.0,338.98376,439.08592,132.80952000000002,0.0,90.94800000000001,56.76088000000001,33.0,90.0,0.0
大青花鱼,1971.1124,61.97608000000001,532.8196,0.0,0.0,96.73136000000001,0.0,198.50832,43.32008,16.8,79.0,0.0
鲁莽,1610.04248,95.27704,399.28504,176.27376,0.0,194.7856,0.0,212.72928,244.80912,42.0,41.0,190.76608000000002
孟菲斯,3378.1140000000005,148.66712,215.26904000000002,301.76504,0.0,188.31112,0.0,156.06592,120.12768000000001,35.0,67.0,84.01136000000001
纽卡斯尔,3773.6720800000003,147.21280000000002,289.01959999999997,354.56152,0.0,181.96808000000001,0.0,164.7664,119.06768000000001,32.0,78.0,86.12288000000001
霍比,1870.75584,89.06544000000001,324.31759999999997,175.87944000000002,0.0,207.60312000000002,0.0,207.32328,210.94424,45.0,68.0,215.74392
科尔克,1870.75584,89.06544000000001,324.31759999999997,175.87944000000002,0.0,207.60312000000002,0.0,207.32328,210.94424,45.0,75.0,196.84624000000002
明尼阿波利斯,4248.132320000001,262.31608000000006,0.0,253.72584,0.0,185.40248000000003,0.0,131.9276,59.09288,26.16,76.0,0.0
黑泽伍德,2104.83352,87.08536000000001,287.43384,176.27376,0.0,199.67432000000002,0.0,222.48128000000003,206.4668,42.0,75.0,222.2184
康克德,3378.1140000000005,148.66712,218.30912,301.76504,0.0,188.31112,0.0,156.06592,120.12768000000001,35.0,67.0,84.01136000000001
天城,7837.80112,426.5228,216.98624,191.31728,0.0,150.38432000000003,0.0,70.8928,42.531439999999996,30.0,23.0,0.0
加贺,8501.89536,429.16856,220.15776,191.31728,0.0,151.83864,0.0,73.66152,40.814240000000005,26.5,42.0,0.0
旗风,1599.75624,61.58176000000001,409.46528,142.36648,0.0,205.88592,0.0,206.66608000000002,250.74088,44.76,87.0,192.08896000000001
卷波,2210.46464,71.22776,532.8196,159.65295999999998,0.0,218.30912,0.0,212.72928,246.92064,42.0,40.0,196.84624000000002
天狼星,3831.1834400000002,153.55584000000002,163.20184,393.49744,0.0,185.1396,0.0,173.99264000000002,114.59024000000001,32.25,70.0,166.7168
库拉索,3050.73512,136.11248000000003,0.0,157.93576,0.0,185.40248000000003,0.0,173.33544,109.31568,29.0,24.0,54.818960000000004
杓鹬,2854.33408,130.03232,0.0,182.8712,0.0,193.0684,0.0,170.8296,109.31568,29.0,45.0,54.818960000000004
金伯利,2104.83352,84.17672000000002,287.43384,186.43704000000002,0.0,204.16872,0.0,224.5928,206.4668,42.0,77.0,209.40088
马拉尼,2167.07672,91.7112,295.09976,176.27376,0.0,209.05743999999999,0.0,221.82408,206.4668,42.0,89.0,215.74392
追赶者,4819.59952,0.0,0.0,263.36336,303.69424000000004,188.574,0.0,89.09088000000001,64.92712,18.0,82.0,146.76760000000002
独立,4910.348240000001,0.0,0.0,274.44672,314.13736,185.1396,0.0,91.8596,85.74552,31.0,78.0,110.69792000000001
独立.改,5120.348240000001,0.0,0.0,344.44672,334.13736,205.1396,0.0,91.8596,85.74552,31.0,78.0,110.69792000000001
香格里拉,6804.7972,0.0,0.0,338.98376,436.30872,132.80952000000002,0.0,93.58528,56.76088000000001,33.0,83.0,0.0
Z2,2102.9128,85.63104,438.69160000000005,157.93576,0.0,209.05743999999999,0.0,197.57128,192.36880000000002,43.2,44.0,200.28064000000003
邦克山,6767.34104,0.0,0.0,316.2828,430.62288,132.80952000000002,0.0,85.01624000000001,56.76088000000001,33.0,35.0,0.0
伊13,2722.5252,50.87576000000001,520.52784,0.0,256.23592,110.60888,0.0,176.8928,38.17696,13.4,20.0,0.0
铃谷,4273.3942400000005,240.77264000000002,215.26904000000002,213.74688,0.0,182.23096,0.0,132.60176,83.18032,28.4,15.0,0.0
小比,6609.04488,368.21008,170.86776,253.20008,0.0,162.93896,0.0,70.8928,41.87424000000001,30.0,37.0,0.0
小赤城,6395.24288,0.0,0.0,318.39432000000005,399.54792000000003,126.72936,0.0,92.79664,56.10368,31.5,42.0,0.0
小齐柏林,7142.470800000001,177.2108,0.0,314.30272,381.16752,112.32608,0.0,87.65352000000001,57.969280000000005,33.8,45.0,0.26288
U-556,1292.6233600000003,39.90688,505.72176,0.0,0.0,85.36816,0.0,182.95600000000002,38.83416,14.4,45.0,0.0
U-73,1281.5484800000002,46.11848,529.51664,0.0,0.0,85.63104,0.0,171.74968000000004,38.83416,14.4,35.0,0.0
Z36,2143.532,84.17672000000002,443.05456000000004,182.8712,0.0,212.22896000000003,0.0,210.09199999999998,205.80960000000002,43.2,36.0,203.45216000000002
回声,1434.38776,74.53072,365.03856,155.82424000000003,0.0,196.63424,0.0,200.47144,269.71912000000003,42.6,65.0,210.72376
小海伦娜,3321.5820800000006,169.41344,0.0,323.67736,0.0,188.574,0.0,177.15568,107.62392,32.5,33.0,109.11216000000002
小克利夫兰,3684.36072,164.65616000000003,0.0,330.2748000000001,0.0,183.68528000000003,0.0,163.0492,111.3212,32.5,71.0,102.37480000000001
小圣地亚哥,3301.5353600000003,132.80952000000002,163.20184,443.13088000000005,0.0,185.40248000000003,0.0,173.46688,113.1444,32.5,85.0,195.52336000000003
确捷,3884.7473600000003,166.11048,369.79584000000006,310.60544000000004,0.0,193.0684,0.0,168.06088,113.93304,32.0,44.0,150.46488000000002
恶毒,2071.0746400000003,139.28400000000002,276.99072,141.70928,0.0,209.05743999999999,0.0,209.43480000000002,274.06512000000004,54.0,51.0,195.52336000000003
倔强,1815.6358400000001,104.52871999999999,375.08736,208.73520000000002,0.0,199.67432000000002,0.0,218.92392,230.71112,42.0,45.0,196.84624000000002
伊25,1993.9278400000003,66.8648,520.52784,0.0,0.0,71.22776,0.0,182.82456000000002,46.746,18.8,25.0,0.0
伊56,2131.33776,60.12744000000001,508.23607999999996,0.0,0.0,63.561840000000004,0.0,170.96104,38.83416,14.4,46.0,0.0
伊168,2041.9246400000002,66.8648,546.17136,0.0,0.0,117.08336000000001,0.0,177.55,44.76592,18.4,22.0,0.0
U-101,1328.7566399999998,48.76424,537.314,0.0,0.0,112.32608,0.0,180.31872,38.83416,14.4,68.0,0.0
U-522,1533.02712,44.269839999999995,511.53904000000006,0.0,0.0,85.36816,0.0,182.95600000000002,38.83416,14.4,22.0,0.0
阿拉巴马,7967.248320000001,424.05088,0.0,417.02944,0.0,156.72736,0.0,66.15248000000001,34.3652,27.5,86.0,0.0
棘鳍,1945.3968,66.8648,531.36528,0.0,0.0,94.88272,0.0,197.98256000000003,43.32008,16.8,78.0,0.0
巴丹,5127.83056,0.0,0.0,282.8928,352.21256000000005,202.7144,0.0,92.5168,85.74552,31.0,65.0,73.8396
圣胡安,3598.9756,131.3552,159.76744,438.38208000000003,0.0,181.96808000000001,0.0,173.46688,112.35576,32.5,77.0,188.91744
伯明翰,4285.6012,170.86776,0.0,334.89216000000005,0.0,188.31112,0.0,174.12408000000002,111.31272000000001,32.5,48.0,100.78904000000001
艾尔温,1720.9481600000001,82.32808000000001,282.80800000000005,186.96280000000002,0.0,202.7144,0.0,194.93400000000003,210.1556,44.4,83.0,200.01776
贝奇,2146.3728,77.5708,287.43384,198.57192,0.0,199.67432000000002,0.0,210.09199999999998,209.4984,43.2,78.0,190.50320000000002
黑太子,3691.49664,144.4356,155.27304,385.44568,0.0,182.23096,0.0,173.99264000000002,115.37888000000001,32.25,58.0,150.46488000000002
斯坦利,2146.3728,87.08536000000001,287.43384,176.27376,0.0,207.34024,0.0,222.48128000000003,206.4668,42.0,90.0,209.40088
利托里奥,8567.09808,426.5228,0.0,248.8456,0.0,156.72736,0.0,60.49208,37.002480000000006,30.0,79.0,0.0
加富尔伯爵,6994.05808,341.2776,148.93,179.70816000000002,0.0,140.73832,0.0,63.918,38.17696,27.0,45.0,0.0
朱利奥・凯撒,7197.031120000001,351.45784,153.55584000000002,190.92296,0.0,151.83864,0.0,65.89808000000001,38.17696,27.0,65.0,0.0
扎拉,5056.051600000001,256.23592,0.0,234.99352000000002,0.0,185.1396,0.0,121.91272000000001,59.09288,26.4,75.0,0.0
特伦托,3626.2048800000007,235.88392,186.85680000000002,190.92296,0.0,162.93896,0.0,121.91272000000001,73.95408,28.8,42.0,0.0
龙骑兵,1831.64184,128.18368,271.17344,164.13888000000003,0.0,204.43160000000003,0.0,212.72928,275.11664,45.6,65.0,207.94656
U-110,1498.74248,48.76424,505.72176,0.0,0.0,83.7824,0.0,182.95600000000002,38.83416,14.4,28.0,0.0
斯莫利,2146.3728,88.67112,287.43384,193.69168000000002,0.0,205.88592,0.0,222.48128000000003,206.4668,42.0,65.0,213.76384
加斯科涅(μ兵装),8035.41056,434.98584000000005,0.0,242.24816,0.0,170.86776,0.0,73.80992,38.59672,32.0,0.0,0.0
赤城(μ兵装),6692.95448,0.0,0.0,330.2748000000001,413.6968,132.80952000000002,0.0,92.79664,56.10368,31.5,42.0,0.0
克利夫兰(μ兵装),3925.0952,164.65616000000003,0.0,330.2748000000001,0.0,191.61408,0.0,168.19232,113.2928,32.5,71.0,102.37480000000001
谢菲尔德(μ兵装),3641.3713600000005,155.27304,299.46272,358.65312,0.0,185.40248000000003,0.0,164.7664,119.06768000000001,32.0,78.0,89.29440000000001
希佩尔海军上将(μ兵装),4956.91616,254.78160000000003,188.574,193.69168000000002,0.0,178.92800000000003,0.0,131.94456,64.08760000000001,25.6,66.0,0.0
格拉斯哥,3773.6720800000003,153.55584000000002,276.99072,351.78432000000004,0.0,174.4336,0.0,161.47192,119.06768000000001,32.0,81.0,101.05192
霞,2048.52208,66.33904000000001,532.8196,160.17872,0.0,204.43160000000003,0.0,206.66608000000002,246.92064,42.0,70.0,195.26048
霞.改,2213.52208,76.33904000000001,592.8196,160.17872,0.0,219.43160000000003,0.0,206.66608000000002,281.92064,45.0,70.0,195.26048
骏河,8425.66864,426.5228,216.98624,220.47575999999998,0.0,141.13264,0.0,70.8928,38.83416,28.5,37.0,0.0
龙凤,5105.256800000001,0.0,0.0,282.8928,321.80328,191.61408,0.0,86.58504,71.53304000000001,26.5,70.0,114.3952
哈尔西・鲍威尔,2146.3728,82.0652,284.78808000000004,224.43592,0.0,205.88592,0.0,222.48128000000003,206.4668,42.0,55.0,217.0668
比洛克西,4406.432720000001,153.55584000000002,0.0,330.2748000000001,0.0,190.02832,0.0,173.46688,113.2928,32.5,68.0,102.37480000000001
浦波,1842.1400800000001,66.33904000000001,510.21616000000006,149.62112,0.0,210.77464,0.0,212.72928,251.39808000000002,45.6,75.0,198.16912000000002
威严,2556.6309600000004,126.46648,181.96808000000001,208.73520000000002,0.0,202.7144,0.0,206.66608000000002,213.45008,45.6,60.0,202.9264
明斯克,2675.3170400000004,147.21280000000002,231.25808,175.87944000000002,0.0,204.16872,0.0,206.66608000000002,227.67952000000002,48.0,58.0,206.09792000000002
塔什干,2713.4304,182.23096,283.33376,180.23391999999998,0.0,207.60312000000002,0.0,210.09199999999998,231.36832,51.24,86.0,211.24952000000002
水星纪念,3130.95168,84.17672000000002,144.4356,148.96392,0.0,141.13264,0.0,140.5136,103.54080000000002,23.0,88.0,56.66760000000001
水星纪念.改,3370.95168,129.17672000000002,164.4356,198.96392,0.0,141.13264,0.0,150.5136,103.54080000000002,23.0,88.0,56.66760000000001
基洛夫,4168.72984,185.1396,300.91704000000004,351.39000000000004,0.0,190.02832,0.0,162.392,130.03656,36.5,52.0,156.67648
恰巴耶夫,4451.94064,174.03928,0.0,341.09528,0.0,197.95712000000003,0.0,168.19232,110.53256,33.5,68.0,149.93912
甘古特,6645.21208,328.32016,0.0,177.99096,0.0,151.83864,0.0,63.2608,34.88248,24.1,85.0,0.0
苏维埃同盟,10218.717999999999,458.52632,0.0,257.55456000000004,0.0,166.37336000000002,0.0,63.918,37.002480000000006,28.0,50.0,0.0
苏维埃贝拉罗斯,8459.4784,434.98584000000005,0.0,220.47575999999998,0.0,158.576,0.0,78.41879999999999,36.345279999999995,28.0,46.0,0.0
苏维埃罗西亚,8522.38728,433.26864000000006,0.0,253.20008,0.0,141.13264,0.0,60.49208,36.345279999999995,28.0,46.0,0.0
无畏,6792.39944,0.0,0.0,338.98376,436.30872,132.80952000000002,0.0,87.65352000000001,56.76088000000001,33.0,68.0,0.0
布莱默顿,4939.97736,271.17344,0.0,272.3352,0.0,186.85680000000002,0.0,139.83944000000002,59.09288,26.4,55.0,0.0
库珀,2244.22352,128.18368,365.43288,204.77504000000002,0.0,223.32928,0.0,228.01872,230.78320000000002,40.8,22.0,218.91544000000002
里诺,3842.99608,150.51576000000003,199.41144,489.5928,0.0,193.33128000000002,0.0,173.46688,112.35576,32.5,52.0,206.62368
蓝鳃鱼,1733.34592,72.68208,505.72176,0.0,0.0,88.67112,0.0,180.71303999999998,43.32008,16.8,65.0,0.0
卡萨布兰卡,4822.08416,0.0,0.0,264.28344000000004,290.47392,196.63424,0.0,75.12432,64.54128,19.0,65.0,119.02104
马布尔黑德,3378.1140000000005,137.82968,248.70144000000002,292.92464,0.0,188.31112,0.0,156.06592,120.12768000000001,35.0,55.0,84.01136000000001
花月,2504.80544,77.96512,375.48168000000004,204.38072000000003,0.0,213.81472,0.0,203.10872,232.16544000000002,39.6,65.0,203.18928
长波,2210.46464,66.8648,536.9196800000001,159.65295999999998,0.0,218.30912,0.0,212.72928,246.92064,42.0,55.0,195.52336000000003
小声望,6470.04072,349.43536,0.0,309.55392000000006,0.0,155.27304,0.0,70.6384,42.93424000000001,32.58,85.0,0.0
塔尔图,1914.2752000000003,121.7092,277.2536,144.60944,0.0,207.34024,0.0,206.66608000000002,272.61080000000004,43.2,45.0,211.24952000000002
黎塞留,8629.21832,452.70904,0.0,299.65352,0.0,169.41344,0.0,70.38400000000001,44.108720000000005,32.0,19.0,0.0
圣女贞德,3298.6267200000007,155.01015999999998,268.13336000000004,282.36704000000003,0.0,185.40248000000003,0.0,183.60472,94.78096000000001,25.0,83.0,150.46488000000002
阿尔及利亚,5136.9126400000005,283.07088,226.63224000000002,249.5028,0.0,197.95712000000003,0.0,141.03936,69.23072,24.8,50.0,0.0
拉・加利索尼埃,3565.60256,174.4336,283.33376,316.2828,0.0,178.92800000000003,0.0,177.01576,136.02344000000002,31.0,35.0,148.61624
沃克兰,1914.2752000000003,115.36616000000001,283.07088,146.72096,0.0,209.05743999999999,0.0,215.62944000000002,272.61080000000004,43.2,48.0,210.72376
贝亚恩,6407.47952,177.2108,259.14456,314.30272,381.16752,112.32608,0.0,87.65352000000001,37.53672,21.5,42.0,0.0
小光辉,6084.32368,0.0,0.0,272.3352,385.13616,112.32608,0.0,87.65352000000001,55.31504,30.5,44.0,0.0
爱斯基摩人,1698.3956,89.06544000000001,355.1212,160.17872,0.0,215.26904000000002,0.0,212.07208000000003,271.42784,43.2,72.0,196.84624000000002
豪,8155.589120000001,424.05088,0.0,264.28344000000004,0.0,161.48464,0.0,72.08424,36.59968,28.3,83.0,0.0
英仙座,5673.153920000001,0.0,0.0,270.22368,331.72064000000006,171.13064000000003,0.0,89.87952,73.36472,25.0,82.0,146.76760000000002
赫敏,3831.1834400000002,161.61608000000004,175.75648,389.53728,0.0,196.10848000000001,0.0,164.7664,113.93304,32.0,58.0,190.24032
英勇,7643.59216,412.94208,0.0,217.5756,0.0,152.36440000000002,0.0,72.08424,32.648,24.0,72.0,0.0
伊卡洛斯,1710.5304800000001,80.61088000000001,381.16752,160.70448000000002,0.0,210.51176,0.0,218.92392,270.77064,42.6,70.0,217.0668
Z26,2167.2675200000003,122.23496000000002,331.98352,157.41,0.0,193.33128000000002,0.0,190.71944000000002,201.33216000000002,43.2,43.0,204.77504000000002
U-96,1338.64856,53.7844,543.3941599999999,0.0,0.0,110.87176000000001,0.0,188.88776000000001,38.83416,14.4,62.0,0.0
凉月,2600.01888,82.32808000000001,389.63056000000006,209.78672000000003,0.0,221.61208,0.0,203.10872,232.16544000000002,39.6,72.0,210.72376
熊野,4236.9896,240.77264000000002,215.53192,219.95000000000002,0.0,188.574,0.0,132.60176,85.8176,27.76,10.0,0.0
千岁,4503.075040000001,0.0,0.0,267.5864,352.21256000000005,188.31112,0.0,83.94776,74.30176,29.0,57.0,92.46592
千代田,4963.61536,0.0,0.0,267.5864,352.21256000000005,182.23096,0.0,83.94776,74.30176,29.0,57.0,92.46592
僖,5099.45648,74.53072,0.0,137.35479999999998,0.0,207.34024,0.0,220.51816000000002,53.318,14.0,58.0,0.0
普林斯顿,4904.8108,0.0,0.0,261.25184,344.8095200000001,183.68528000000003,0.0,91.8596,88.25136,31.6,49.0,100.78904000000001
大凤(μ兵装),7361.44136,0.0,0.0,316.2828,405.23376,121.97208,0.0,78.95304000000002,56.76088000000001,33.3,36.0,0.0
塔什干(μ兵装),2713.4304,150.38432000000003,314.00592,157.41,0.0,215.26904000000002,0.0,210.09199999999998,231.36832,51.24,86.0,211.24952000000002
黛朵(μ兵装),4012.4180000000006,150.51576000000003,180.51376,433.36192,0.0,196.10848000000001,0.0,170.8296,114.59024000000001,32.25,85.0,171.47408000000001
大青花鱼(μ兵装),1888.82248,60.12744000000001,514.1848000000001,0.0,0.0,93.42840000000001,0.0,198.50832,43.32008,16.8,79.0,0.0
巴尔的摩(μ兵装),4753.3283200000005,265.09328,0.0,257.02880000000005,0.0,180.51376,0.0,139.83944000000002,59.09288,26.4,56.0,0.0
罗恩(μ兵装),6195.34808,287.69672,218.70344000000003,238.288,0.0,174.4336,0.0,129.17584000000002,81.09424,26.0,0.0,0.0
光辉(μ兵装),6664.817840000001,0.0,0.0,300.17928,412.24248000000006,119.06344,0.0,93.58528,55.31504,30.5,44.0,0.0
恶毒(μ兵装),2071.0746400000003,141.13264,278.57648,138.40632000000002,0.0,209.05743999999999,0.0,206.66608000000002,274.06512000000004,54.0,51.0,195.52336000000003
彼得・史特拉塞,7659.1784,0.0,0.0,316.2828,428.90568,141.13264,0.0,104.00296,52.03752,33.8,45.0,0.0
海因里希亲王,6084.28552,314.13736,248.70144000000002,223.77872,0.0,185.40248000000003,0.0,135.89624,68.44208,26.4,50.0,0.0
U-37,1590.1272,46.11848,547.4942400000001,0.0,0.0,112.32608,0.0,182.95600000000002,38.83416,14.4,72.0,0.0
威悉,4873.27368,0.0,0.0,270.22368,327.48912,182.23096,0.0,90.28232,77.59624000000001,32.0,30.0,73.8396
纽伦堡,3900.23608,178.92800000000003,308.18864,411.4496,0.0,194.7856,0.0,163.17216000000002,116.16752000000001,32.0,80.0,102.90056
Z24,2177.0280000000002,122.23496000000002,331.98352,153.9756,0.0,202.7144,0.0,197.57128,203.82952,43.2,56.0,204.77504000000002
Z28,2175.04792,77.5708,429.16856,146.72096,0.0,210.77464,0.0,187.95072000000002,201.33216000000002,43.2,45.0,200.01776
波拉,5056.051600000001,256.23592,0.0,248.8456,0.0,185.1396,0.0,121.91272000000001,59.09288,26.4,75.0,0.0
文琴佐・焦贝蒂,1890.85344,115.36616000000001,293.25112,157.93576,0.0,212.22896000000003,0.0,225.25,272.61080000000004,45.6,44.0,218.91544000000002
神速,2528.6724,132.80952000000002,234.42960000000002,182.47688,0.0,202.7144,0.0,206.66608000000002,226.23368000000002,45.6,42.0,202.9264
U-410,1292.6233600000003,44.269839999999995,509.69040000000007,0.0,0.0,85.36816,0.0,177.02424000000002,38.83416,14.4,50.0,0.0
应瑞,2499.2891999999997,71.22776,235.88392,133.39464,0.0,141.13264,0.0,159.49184,83.79936000000001,20.0,20.0,73.8396
肇和,2596.4996800000004,71.22776,235.88392,131.15168,0.0,141.13264,0.0,159.49184,83.79936000000001,20.0,20.0,73.8396
佩内洛珀,2982.8951199999997,161.61608000000004,282.80800000000005,341.09528,0.0,196.10848000000001,0.0,175.04416,119.06768000000001,32.0,52.0,119.5468
塔林,5742.338000000001,265.09328,199.67432000000002,226.54744,0.0,185.40248000000003,0.0,152.37712000000002,64.08760000000001,25.6,80.0,0.0
雷鸣,2218.2450400000002,144.4356,282.80800000000005,153.58128000000002,0.0,202.7144,0.0,206.66608000000002,213.45008,45.6,70.0,202.9264
摩尔曼斯克,3475.7188,159.76744,265.09328,299.65352,0.0,193.33128000000002,0.0,156.06592,120.12768000000001,35.0,65.0,130.91
洪亮,2332.97096,132.80952000000002,239.18688,171.26208,0.0,202.7144,0.0,206.66608000000002,226.23368000000002,45.6,45.0,207.94656
维托里奥・维内托,8693.97584,434.98584000000005,0.0,248.8456,0.0,161.48464,0.0,60.49208,37.002480000000006,30.0,80.0,0.0
阿布鲁齐公爵,4460.91248,161.61608000000004,324.31759999999997,379.37399999999997,0.0,183.68528000000003,0.0,177.55,113.30128,35.56,85.0,99.33472
天鹰,6358.7704,0.0,0.0,371.32223999999997,403.77944,129.638,0.0,104.52871999999999,46.76296,30.0,40.0,0.0
托里拆利 ,1555.0539200000003,39.90688,505.72176,0.0,0.0,85.36816,0.0,182.95600000000002,38.83416,14.4,16.0,0.0
西北风,1865.13784,110.87176000000001,297.87696000000005,164.13888000000003,0.0,212.22896000000003,0.0,225.25,278.54256000000004,45.6,56.0,195.26048
西南风,1826.4987200000003,117.21480000000001,303.69424000000004,157.93576,0.0,212.22896000000003,0.0,225.25,272.61080000000004,45.6,42.0,187.33168
尼科洛索・达雷科 ,1895.4708,117.21480000000001,283.07088,175.22224,0.0,202.7144,0.0,210.09199999999998,269.18488,39.6,82.0,209.26944000000003
追风,1599.75624,60.12744000000001,409.46528,133.9204,0.0,205.88592,0.0,206.66608000000002,250.74088,44.76,42.0,198.432
艾伦・萨姆纳,2588.40976,142.58696,378.25888000000003,238.288,0.0,232.71240000000003,0.0,235.002,230.78320000000002,40.8,80.0,224.86416
史蒂芬・波特,2208.616,91.7112,296.55408000000006,185.91128,0.0,207.34024,0.0,222.48128000000003,206.4668,42.0,70.0,215.74392
小天城,7397.04464,372.44160000000005,174.4336,185.91128,0.0,144.17272,0.0,70.8928,45.16872000000001,30.0,23.0,0.0
提康德罗加,6779.870239999999,0.0,0.0,338.98376,438.69160000000005,132.80952000000002,0.0,90.29080000000002,56.76088000000001,33.0,72.0,0.0
旧金山,4943.008960000001,259.276,0.0,231.55912,0.0,182.23096,0.0,139.83944000000002,71.08784,26.16,75.0,0.0
射水鱼,1971.1124,66.8648,537.314,0.0,0.0,96.73136000000001,0.0,197.98256000000003,43.32008,16.0,90.0,0.0
博伊西,3644.08072,167.82768000000002,0.0,334.3664,0.0,191.61408,0.0,168.19232,106.83528,32.5,70.0,102.37480000000001
莫里森,2167.07672,85.63104,293.64544,182.08256000000003,0.0,212.22896000000003,0.0,231.44464,206.4668,42.0,48.0,218.65256000000002
小企业,6037.73032,0.0,0.0,305.98808,410.9196,118.53768000000001,0.0,97.01120000000002,56.76088000000001,32.5,93.0,0.0
风云,2293.41176,75.98504,563.2204,164.13888000000003,0.0,226.63224000000002,0.0,225.25,246.92064,42.0,51.0,184.29160000000002
英格拉罕,2458.7802400000005,139.28400000000002,383.81327999999996,236.04504,0.0,232.71240000000003,0.0,235.002,230.78320000000002,40.8,75.0,224.86416
鹦鹉螺,2518.25472,115.36616000000001,505.196,0.0,0.0,93.42840000000001,0.0,198.50832,38.17696,13.9,69.0,0.0
葛城,6223.696720000001,0.0,0.0,316.2828,424.93704,121.97208,0.0,96.87976,56.10368,32.0,75.0,0.0
新奥尔良,5025.31584,246.98424000000003,0.0,271.80944,0.0,185.40248000000003,0.0,139.83944000000002,61.07296,26.16,76.0,0.0
可怖,2167.60248,143.90984000000003,274.21352,135.50616,0.0,202.7144,0.0,205.87744,314.27304000000004,54.0,75.0,198.432
马耶・布雷泽,1914.2752000000003,110.87176000000001,274.21352,157.93576,0.0,209.05743999999999,0.0,212.72928,272.61080000000004,43.2,35.0,214.15816
福煦,4123.4212,240.77264000000002,259.14456,261.25184,0.0,182.23096,0.0,135.89624,59.618640000000006,32.0,45.0,0.0
马格德堡,3748.94864,190.02832,317.17744,385.05136,0.0,207.60312000000002,0.0,168.44672000000003,127.62824,36.0,50.0,149.93912
易北,5076.77248,0.0,0.0,274.44672,334.49784,188.574,0.0,86.33064,64.94408,21.0,30.0,73.8396
阿达尔伯特亲王,6146.15136,303.82568,259.276,220.47575999999998,0.0,185.40248000000003,0.0,138.53352,68.44208,26.4,50.0,0.0
U-1206,1289.32888,46.11848,505.72176,0.0,0.0,86.42816,0.0,180.31872,38.83416,18.0,20.0,0.0
乌尔里希・冯・胡滕,9741.00992,454.42624,0.0,257.55456000000004,0.0,180.51376,0.0,69.72680000000001,28.196,30.0,50.0,0.0
卡律布狄斯,3988.27968,139.28400000000002,188.31112,439.69648,0.0,196.10848000000001,0.0,170.8296,114.59024000000001,32.25,51.0,179.27144
海天,3065.8337600000004,102.81152000000002,259.14456,165.05896,0.0,152.36440000000002,0.0,162.26056,89.07392,24.0,31.0,80.57696
海圻,3060.42776,94.88272,265.09328,171.78784,0.0,152.36440000000002,0.0,162.26056,89.07392,24.0,62.0,80.57696
布里斯托尔,2588.40976,141.13264,379.84464,238.288,0.0,232.71240000000003,0.0,235.002,230.78320000000002,40.8,78.0,224.86416
镇海,3738.67088,153.55584000000002,0.0,165.05896,303.82568,188.574,0.0,101.87448,53.080560000000006,10.8,45.0,0.0
镇海.改,3948.67088,153.55584000000002,0.0,215.05896,363.82568,208.574,0.0,101.87448,53.080560000000006,10.8,45.0,0.0
基辅,2597.3815999999997,174.4336,275.66783999999996,193.69168000000002,0.0,210.51176,0.0,210.09199999999998,230.71112,50.4,50.0,211.24952000000002
阿尔汉格尔斯克,7395.1536,420.83696000000003,0.0,230.63904000000002,0.0,152.36440000000002,0.0,68.40392,28.433440000000004,23.0,72.0,0.0
灵敏,2466.56064,137.5668,239.18688,171.26208,0.0,202.7144,0.0,206.66608000000002,227.67952000000002,48.36,84.0,207.94656
伏尔加,6944.992800000001,0.0,0.0,371.32223999999997,401.13368,125.01216000000001,0.0,104.52871999999999,46.76296,30.0,50.0,0.0
喀琅施塔得,7455.696559999999,298.27976,0.0,231.03336000000002,0.0,172.58496000000002,0.0,126.80992,39.393840000000004,24.8,50.0,0.0
帝国,7185.867200000001,0.0,0.0,338.98376,434.98584000000005,123.4264,0.0,94.11104,46.76296,30.0,32.0,0.0
庞培・马格诺,2880.06664,113.91184,344.8095200000001,160.70448000000002,0.0,210.77464,0.0,225.25,206.4668,51.6,75.0,210.72376
的里雅斯特,3731.9928800000002,242.3584,193.0684,197.12608000000003,0.0,167.82768000000002,0.0,121.91272000000001,73.95408,28.8,48.0,0.0
塞德利茨,7537.125760000001,389.762,181.96808000000001,270.22368,0.0,151.83864,0.0,69.84976,34.89096,26.5,83.0,0.0
吕佐夫,7803.1476,395.31640000000004,183.68528000000003,274.44672,0.0,166.37336000000002,0.0,68.40392,32.91088,26.4,30.0,0.0
图林根,6400.4496,398.66176,117.21480000000001,180.23391999999998,0.0,141.13264,0.0,61.28072,23.69312,20.8,60.0,0.0
约克,4846.510800000001,232.71240000000003,164.65616000000003,175.22224,0.0,177.2108,0.0,134.58184,66.99624,16.32,28.0,0.0
埃姆登,3805.4,159.76744,293.514,305.46232000000003,0.0,204.43160000000003,0.0,171.7412,110.89296,23.5,85.0,92.59736
埃尔宾,3450.31696,128.18368,215.26904000000002,295.95624000000004,0.0,202.7144,0.0,156.5832,120.51352,27.5,30.0,82.29416
小欧根,6182.5560000000005,229.54088000000002,150.38432000000003,202.53207999999998,0.0,178.92800000000003,0.0,131.94456,62.51032000000001,25.6,78.0,0.0
贾维斯,2087.1612,120.38632000000001,477.83528,204.77504000000002,0.0,232.71240000000003,0.0,231.44464,271.42784,43.2,92.0,247.59056
司战女神,3877.0856799999997,148.93,166.11048,419.50136,0.0,182.23096,0.0,176.76136,115.37888000000001,32.25,56.0,142.14176
小柴郡,4522.2822400000005,253.19584,197.95712000000003,403.52928,0.0,144.17272,0.0,127.97592,66.42808000000001,27.2,0.0,0.0
不挠,6517.35064,0.0,0.0,316.2828,434.85440000000006,121.97208,0.0,97.01120000000002,55.31504,30.5,42.0,0.0
复仇,7643.59216,404.3476,0.0,217.5756,0.0,152.36440000000002,0.0,72.08424,30.010720000000003,21.9,76.0,0.0
霞飞,6458.1305600000005,0.0,0.0,314.30272,419.11976000000004,129.638,0.0,99.51704000000001,52.03752,33.5,28.0,0.0
不屈,2229.18848,143.90984000000003,274.21352,164.13888000000003,0.0,210.51176,0.0,212.07208000000003,285.27144000000004,54.0,23.0,202.9264
进取,3620.6208000000006,153.55584000000002,290.47392,349.27848000000006,0.0,188.574,0.0,175.04416,120.91632000000001,33.0,83.0,143.99040000000002
莱昂纳多・达・芬奇,1748.9067200000002,48.76424,545.90848,0.0,0.0,101.3572,0.0,197.45680000000002,38.83416,18.0,57.0,0.0
朱塞佩・加里波第,4399.96672,181.96808000000001,324.31759999999997,375.80816000000004,0.0,183.68528000000003,0.0,182.96448,113.30128,35.56,88.0,99.33472
博尔扎诺,4515.2396,235.88392,161.61608000000004,230.63904000000002,0.0,172.58496000000002,0.0,121.91272000000001,72.93647999999999,28.8,46.0,0.0
罗马,8946.93424,431.94576,0.0,246.73408,0.0,158.576,0.0,60.49208,37.002480000000006,30.0,40.0,0.0
阿尔弗雷多・奥里亚尼,1890.85344,115.36616000000001,297.87696000000005,160.17872,0.0,215.26904000000002,0.0,225.25,275.11664,45.6,55.0,218.91544000000002
埃曼努埃尔・佩萨格诺,1895.4708,121.7092,286.11096000000003,171.26208,0.0,207.34024,0.0,212.72928,269.18488,39.6,46.0,209.26944000000003
Z16,2110.6932,69.51056,461.17208,153.9756,0.0,215.26904000000002,0.0,212.72928,192.36880000000002,43.2,51.0,195.26048
布伦希尔德,7597.9316,379.84464,244.0756,316.2828,0.0,166.37336000000002,0.0,63.918,43.46,33.5,50.0,0.0
若月,2600.01888,87.08536000000001,395.31640000000004,201.48056,0.0,221.61208,0.0,206.66608000000002,232.16544000000002,39.6,43.0,215.74392
小斯佩,4402.1291200000005,303.82568,223.32928,157.41,0.0,177.2108,0.0,129.17584000000002,56.57856,22.8,36.0,0.0
雅努斯,2114.4625600000004,122.23496000000002,472.01800000000003,190.92296,0.0,237.46968000000004,0.0,228.01872,271.42784,43.2,53.0,262.38816
阿尔比恩,6784.22472,0.0,0.0,276.55824,430.62288,166.11048,0.0,101.87448,72.32168000000001,28.0,78.0,130.91
皇家财富号,2317.7620800000004,201.12864000000002,0.0,0.0,0.0,183.68528000000003,0.0,169.51520000000002,102.26032,18.0,51.0,0.0
大黄蜂II,6792.39944,0.0,0.0,341.09528,438.95448000000005,132.80952000000002,0.0,93.58528,56.76088000000001,33.0,76.0,0.0
兰利II,4904.8108,0.0,0.0,278.144,346.52672000000007,194.7856,0.0,91.8596,86.40272,31.0,70.0,100.78904000000001
约克城II,7662.3372,0.0,0.0,371.71656,458.39488,137.82968,0.0,97.01120000000002,56.76088000000001,33.0,70.0,0.0
北安普敦II,4762.30016,259.14456,0.0,299.65352,0.0,190.02832,0.0,139.83944000000002,59.09288,26.4,80.0,0.0
哈曼II,1694.4439200000002,82.0652,375.08736,255.44304,0.0,226.63224000000002,0.0,218.26672000000002,271.23704,25.2,55.0,232.92440000000002
古比雪夫,4392.054880000001,178.92800000000003,0.0,338.98376,0.0,199.41144,0.0,170.96104,110.53256,33.5,73.0,149.93912
忒修斯,5069.53904,0.0,0.0,270.22368,428.90568,167.82768000000002,0.0,101.08584,69.02720000000001,25.0,71.0,127.34416
华甲,4965.464,0.0,0.0,148.96392,335.02360000000004,177.2108,0.0,89.87952,53.869200000000006,12.0,53.0,0.0
定安,2219.4492,0.0,0.0,137.35479999999998,159.76744,152.36440000000002,0.0,143.948,106.37736,9.0,49.0,0.0
怨仇,7004.556320000001,0.0,0.0,334.89216000000005,444.37744000000004,128.18368,0.0,97.14264000000001,56.76088000000001,32.5,79.0,0.0
皇家橡树,7978.988880000001,422.33368,0.0,234.99352000000002,0.0,158.576,0.0,76.57015999999999,30.010720000000003,22.0,47.0,0.0
百眼巨人,5156.959360000001,0.0,0.0,261.25184,290.47392,178.92800000000003,0.0,83.94776,63.09544,20.0,81.0,109.11216000000002
斯库拉,4012.4180000000006,150.51576000000003,180.51376,445.50528,0.0,196.10848000000001,0.0,177.41856,114.59024000000001,32.25,56.0,171.47408000000001
英雄,1501.90552,88.67112,379.58176000000003,171.26208,0.0,199.67432000000002,0.0,222.48128000000003,270.37632,43.2,80.0,226.71280000000002
库尔斯克,4886.345600000001,282.80800000000005,215.26904000000002,128.90872,0.0,190.02832,0.0,158.30888000000002,68.04776,30.4,10.0,0.0
塞瓦斯托波尔,6645.21208,328.32016,0.0,213.74688,0.0,151.83864,0.0,63.918,34.88248,24.1,88.0,0.0
伏罗希洛夫,4480.67088,150.51576000000003,199.41144,408.54944,0.0,190.02832,0.0,162.12912,148.4636,36.5,52.0,156.67648
小可畏,6279.53328,0.0,0.0,285.39864000000006,405.10232,115.62904,0.0,93.05952,53.33496,30.0,75.0,0.0
奥托・冯・阿尔文斯莱本,3058.63,128.18368,354.85832,164.13888000000003,0.0,220.15776,0.0,205.87744,194.87464,43.2,50.0,213.76384
亚德,5177.26896,0.0,0.0,274.44672,334.49784,188.574,0.0,86.33064,64.94408,21.0,28.0,73.8396
雷根斯堡,3748.94864,174.4336,331.72064000000006,385.05136,0.0,207.60312000000002,0.0,168.44672000000003,127.62824,36.0,46.0,149.93912
俾斯麦Zwei,9429.497120000002,448.60896,0.0,279.19552,0.0,170.86776,0.0,75.78152,28.196,30.0,32.0,0.0
小大凤,7209.60696,0.0,0.0,314.30272,386.85336000000007,118.53768000000001,0.0,84.8848,56.76088000000001,33.3,36.0,0.0
安德烈亚・多利亚,7292.65584,365.73816,0.0,204.38072000000003,0.0,152.36440000000002,0.0,68.40392,38.17696,26.0,77.0,0.0
阿蒂利奥・雷戈洛,2871.54424,128.18368,339.12368000000004,164.13888000000003,0.0,210.77464,0.0,225.25,219.11896000000002,51.6,63.0,210.72376
戈里齐亚,5056.051600000001,256.23592,0.0,231.55912,0.0,177.47368,0.0,121.91272000000001,59.09288,26.4,85.0,0.0
马赛曲,3700.27768,177.47368,290.73679999999996,328.29472,0.0,196.10848000000001,0.0,174.37848,136.02344000000002,31.0,46.0,149.93912
伴尔维,6458.1305600000005,0.0,0.0,314.30272,419.11976000000004,129.638,0.0,99.51704000000001,52.03752,33.5,28.0,0.0
絮弗伦,4104.688880000001,248.43856000000002,253.19584,261.7776,0.0,183.68528000000003,0.0,135.1076,59.618640000000006,25.6,69.0,0.0
凯尔圣,1914.2752000000003,110.87176000000001,287.69672,148.5696,0.0,210.77464,0.0,218.92392,272.61080000000004,43.2,44.0,210.72376
里昂,7290.69696,415.414,164.65616000000003,213.74688,0.0,158.576,0.0,65.38080000000001,30.26512,21.0,50.0,0.0
吉尚,3795.7709600000003,193.33128000000002,304.08856,385.05136,0.0,194.7856,0.0,188.87928,139.31792000000002,33.5,50.0,154.95928
克莱蒙梭,8344.47264,455.74912,0.0,310.60544000000004,0.0,171.13064000000003,0.0,71.444,44.108720000000005,32.0,10.0,0.0
云仙,4791.8996,299.46272,301.17992000000004,231.03336000000002,0.0,193.0684,0.0,146.44536000000002,82.52312,24.8,70.0,0.0
尾张,8678.88992,426.5228,287.43384,375.80816000000004,0.0,147.21280000000002,0.0,73.66152,40.814240000000005,29.75,41.0,0.0
初月,2600.01888,87.08536000000001,395.31640000000004,198.17759999999998,0.0,221.61208,0.0,206.66608000000002,232.16544000000002,39.6,43.0,215.74392
朝M,1907.0205600000002,72.68208,429.16856,148.96392,0.0,218.30912,0.0,212.72928,250.74088,44.76,43.0,207.94656
休斯敦II,4461.5696800000005,172.58496000000002,0.0,385.05136,0.0,196.63424,0.0,168.19232,113.2928,32.5,80.0,105.8092
金鹿号,3192.60552,177.47368,0.0,0.0,0.0,171.13064000000003,0.0,170.96104,95.77736,32.0,78.0,0.0
玛丽・西莱斯特号,2563.21992,190.02832,0.0,0.0,0.0,158.576,0.0,159.22896000000003,99.02096,18.0,81.0,0.0
加里冒险号,4391.83016,223.32928,0.0,0.0,0.0,177.2108,0.0,120.06408,69.87096,26.2,68.0,0.0
圣马丁号,6168.04248,430.36,0.0,0.0,0.0,170.86776,0.0,62.08632000000001,36.19688,26.0,59.0,0.0
维达号,2059.33408,188.574,0.0,0.0,0.0,191.61408,0.0,167.80648,99.60608,18.0,18.0,0.0
拉菲II,2649.8643200000006,153.55584000000002,403.77944,274.44672,0.0,248.83288,0.0,240.53944,274.53152,40.8,95.0,226.97567999999998
关岛,7838.292960000001,301.17992000000004,0.0,458.44576,0.0,172.58496000000002,0.0,141.69656,55.31504,26.72,51.0,0.0
星座,8578.44856,424.93704,183.68528000000003,428.87600000000003,0.0,172.58496000000002,0.0,70.49000000000001,41.47992000000001,33.25,50.0,0.0
圣哈辛托,5124.667520000001,0.0,0.0,282.8928,352.21256000000005,202.7144,0.0,92.5168,85.74552,31.0,51.0,73.8396
路易斯维尔,3525.7126400000006,269.58768000000003,0.0,223.77872,0.0,177.2108,0.0,133.90768,55.149680000000004,26.16,85.0,0.0
松鲷,1958.1888800000002,60.12744000000001,534.2739200000001,0.0,0.0,96.73136000000001,0.0,200.48839999999998,43.32008,21.0,82.0,0.0
寰昌,6940.901200000001,347.90047999999996,0.0,328.29472,0.0,161.48464,0.0,72.08424,36.345279999999995,29.0,50.0,0.0
济安,2409.58776,77.30792000000001,237.73256000000003,124.4228,0.0,147.47567999999998,0.0,161.47192,83.79936000000001,20.0,20.0,73.8396
龙武,1848.4492000000002,88.53967999999999,250.15576,102.25608000000001,0.0,212.22896000000003,0.0,228.01024000000004,236.46904,40.2,25.0,152.05064000000002
虎贲,1848.4492000000002,88.53967999999999,250.15576,102.25608000000001,0.0,212.22896000000003,0.0,228.01024000000004,236.46904,40.2,25.0,152.05064000000002
飞云,1802.71232,98.18568,210.51176,141.31496,0.0,202.7144,0.0,210.09199999999998,210.94424,43.2,20.0,125.88984000000002
火力,2407.48048,152.23296,248.43856000000002,186.96280000000002,0.0,209.05743999999999,0.0,207.32328,224.2536,43.8,79.0,211.11808000000002
凶猛,2466.56064,137.5668,239.18688,175.87944000000002,0.0,202.7144,0.0,206.66608000000002,227.67952000000002,48.36,86.0,207.94656
波尔塔瓦,6590.00728,328.32016,0.0,177.99096,0.0,151.83864,0.0,63.2608,32.245200000000004,24.1,60.0,0.0
努比亚人,2231.1685600000005,98.18568,424.93704,198.17759999999998,0.0,240.50976000000003,0.0,225.25,271.42784,43.2,82.0,270.18552
利物浦,3994.4828,158.31312000000003,284.78808000000004,324.20312,0.0,181.96808000000001,0.0,161.47192,115.37888000000001,32.0,60.0,143.99040000000002
德文郡,3664.14864,232.71240000000003,220.15776,224.83024,0.0,170.86776,0.0,117.4268,69.87096,25.8,75.0,0.0
可畏(μ兵装),6468.548240000001,0.0,0.0,293.31896,424.93704,119.06344,0.0,93.05952,53.33496,30.0,75.0,0.0
欧根亲王(μ兵装),6323.811600000001,287.69672,240.50976000000003,182.08256000000003,0.0,188.31112,0.0,134.4504,63.29896,25.6,78.0,0.0
能代(μ兵装),3170.4812,181.96808000000001,386.85336000000007,341.09528,0.0,182.23096,0.0,179.79296,123.40520000000001,35.56,55.0,84.01136000000001
金刚(μ兵装),6762.426880000001,376.80456000000004,0.0,279.19552,0.0,162.93896,0.0,74.31872,38.57976,30.0,43.0,0.0
鲁莽(μ兵装),1658.04776,121.7092,389.63056000000006,182.47688,0.0,199.67432000000002,0.0,212.72928,244.80912,42.0,41.0,195.52336000000003
博伊西(μ兵装),3644.08072,166.11048,0.0,336.47792000000004,0.0,188.574,0.0,170.8296,106.83528,32.5,70.0,102.37480000000001
小信浓,7915.38464,0.0,0.0,300.17928,410.9196,118.53768000000001,0.0,80.93312,50.697680000000005,28.0,32.0,0.0
腓特烈・卡尔,6096.420400000001,301.17992000000004,259.276,249.5028,0.0,185.40248000000003,0.0,138.53352,68.44208,26.4,50.0,0.0
阿尔萨斯,9373.321360000002,455.74912,0.0,315.8884800000001,0.0,177.2108,0.0,71.444,44.108720000000005,32.0,34.0,0.0
莫加多尔,2319.916,155.01015999999998,375.08736,174.82792000000003,0.0,229.67232,0.0,231.44464,271.9536,51.6,61.0,211.11808000000002
布伦努斯,5351.52024,289.01959999999997,226.63224000000002,253.20008,0.0,199.67432000000002,0.0,143.80808000000002,70.67656000000001,26.0,50.0,0.0
花剑,1722.9282400000002,100.16576,422.15984000000003,182.47688,0.0,204.16872,0.0,218.92392,258.90712,42.0,47.0,195.52336000000003
重剑,1787.8087200000002,104.26584000000001,419.11976000000004,185.91128,0.0,204.16872,0.0,218.92392,258.90712,42.0,45.0,195.52336000000003
小腓特烈,9210.306080000002,416.60544000000004,0.0,226.54744,0.0,147.47567999999998,0.0,67.87816000000001,28.196,30.0,0.0,0.0
亚尔薇特,7597.9316,382.4904000000001,244.0756,318.39432000000005,0.0,169.41344,0.0,66.55528,43.46,33.5,50.0,0.0
Z47,2657.1613600000005,95.27704,454.42624,261.25184,0.0,221.87496000000002,0.0,200.47144,194.87464,43.2,50.0,221.82408
U-31,1193.19536,46.11848,515.902,0.0,0.0,88.67112,0.0,171.09248000000002,38.83416,18.0,32.0,0.0
Z43,2143.532,87.08536000000001,446.09464,186.43704000000002,0.0,212.22896000000003,0.0,210.09199999999998,205.80960000000002,43.2,36.0,206.09792000000002
涅普顿,3509.7744800000005,154.74728000000002,293.25112,308.63384,0.0,174.03928,0.0,162.26056,118.13912,31.5,73.0,123.77832
诺瓦露,3916.66608,240.77264000000002,202.05720000000002,181.95112,0.0,167.69624000000002,0.0,131.81312,68.05624000000002,27.2,83.0,0.0
布兰,1844.56536,70.96488000000001,444.37744000000004,151.60968000000003,0.0,209.59168000000003,0.0,212.33496000000002,225.83936000000003,45.6,71.0,202.2692
贝露,5652.7892,0.0,0.0,294.51040000000006,382.22752,112.86032000000002,0.0,91.47376,49.13736,28.0,93.0,0.0
绀紫之心,3779.45544,168.75624000000002,313.6116,319.45432000000005,0.0,181.57376,0.0,162.26056,120.25064,31.5,87.0,130.2528
圣黑之心,4155.99712,253.59864000000002,221.3492,197.12608000000003,0.0,171.92776,0.0,131.81312,70.16776,27.2,83.0,0.0
群白之心,1993.5335200000002,75.1964,481.80392000000006,157.01568,0.0,218.17768,0.0,212.33496000000002,230.18536000000003,45.6,73.0,208.74368
翡绿之心,5917.49664,0.0,0.0,305.33088000000004,400.47648000000004,116.03184,0.0,91.47376,56.900800000000004,28.0,95.0,0.0
22,1461.5576800000001,54.8444,207.47168000000002,152.79264,0.0,181.57376,0.0,205.87744,211.73288,43.2,22.0,192.6232
33,1408.27784,38.72392,253.59864000000002,152.79264,0.0,171.92776,0.0,193.88248000000002,211.73288,43.2,33.0,192.6232
久远,4234.41592,240.77264000000002,200.99720000000002,178.65663999999998,0.0,162.28176000000002,0.0,138.27064000000001,55.95528,28.4,90.0,0.0
猫音,1988.1275200000002,98.85136,360.80704000000003,214.41256,0.0,202.05720000000002,0.0,227.6244,243.23184,39.0,52.0,164.73672000000002
露露缇耶,4202.29792,152.63576,251.47864,280.5184,0.0,171.92776,0.0,167.66656,103.57472000000001,32.5,66.0,106.60632000000001
乌璐露,4581.0232,0.0,0.0,260.98896,240.77264000000002,157.9188,0.0,82.77328,56.68032,26.0,69.0,73.31384
萨拉娜,4581.0232,0.0,0.0,260.98896,240.77264000000002,157.9188,0.0,82.77328,56.68032,26.0,96.0,73.31384
芙米露露,5246.957600000001,0.0,0.0,271.80944,341.50656,95.67984,0.0,87.12776000000001,55.8408,32.0,43.0,0.0
绊爱,1811.14992,75.1964,479.68392000000006,170.07912000000002,0.0,203.11720000000003,0.0,202.58295999999999,250.99528000000004,42.0,66.0,225.92416
绊爱・Elegant,5141.351920000001,259.01312,0.0,229.58751999999998,0.0,177.34224,0.0,138.27064000000001,56.68032,28.0,66.0,0.0
绊爱・Anniversary,6787.39624,0.0,0.0,330.2748000000001,414.36248000000006,121.44632000000001,0.0,90.42224,40.33088,32.5,66.0,0.0
绊爱・SuperGamer,7835.12992,414.36248000000006,214.87472,203.59207999999998,0.0,144.04128,0.0,58.9148,31.63888,26.0,66.0,0.0
白上吹雪,1875.24176,77.43936000000001,489.33840000000004,181.95112,204.16872,219.23768,0.0,216.8124,246.52632000000003,40.8,69.0,203.45216000000002
时乃空,6775.3928000000005,0.0,0.0,344.2668,424.01696000000004,124.61784,0.0,105.71168,50.4348,28.0,46.0,0.0
阿库娅,1722.1396,66.73336,545.1198400000001,0.0,0.0,109.55736,0.0,182.95600000000002,45.95736,18.8,64.0,0.0
夏色祭,1805.7439200000003,70.96488000000001,473.20944,169.01912000000002,0.0,209.59168000000003,0.0,212.33496000000002,245.47480000000002,40.8,87.0,209.80368
百鬼绫目,4269.4044,237.46968000000004,0.0,201.48056,0.0,176.15928,0.0,112.1692,51.6008,26.4,65.0,0.0
紫D诗音,5304.214560000001,0.0,0.0,260.98896,315.85456,176.15928,0.0,85.01624000000001,69.95576000000001,26.0,85.0,73.31384
大神,6527.8658399999995,0.0,0.0,294.51040000000006,379.05600000000004,118.2748,0.0,105.71168,49.25184,26.0,53.0,0.0
玛莉萝丝,2091.2528,92.37688,514.05336,181.95112,0.0,225.71216,0.0,218.92392,248.76080000000002,42.6,78.0,212.97520000000003
穗香,8095.71184,408.9395200000001,0.0,219.81856000000002,0.0,146.16128,0.0,58.9148,18.583920000000003,26.0,91.0,0.0
霞,4964.37432,267.47616000000005,219.23768,229.58751999999998,0.0,177.34224,0.0,137.21912,97.54968000000001,28.0,85.0,0.0
海D,3971.7945600000003,170.86776,0.0,333.44632,0.0,197.69424,0.0,167.66656,109.21816000000001,33.0,89.0,156.01928
MD,7689.21456,388.57904,0.0,177.59663999999998,0.0,151.57576000000003,0.0,67.59832,40.55136,30.0,87.0,0.0
女天狗,6803.877120000001,0.0,0.0,316.15136,379.05600000000004,118.2748,0.0,89.23928000000001,55.8408,32.5,88.0,0.0
莫妮卡,3861.78776,150.51576000000003,296.55408000000006,363.67328,0.0,184.87672,0.0,164.37207999999998,118.01616,32.0,88.0,88.37432
露娜,6343.845600000001,0.0,0.0,316.15136,369.40152000000006,177.34224,0.0,95.82824,76.53624,30.0,88.0,16.251920000000002
环,8417.2904,412.24248000000006,0.0,316.15136,0.0,174.03928,0.0,75.24728,41.611360000000005,33.0,87.0,0.0
天海春香,4114.92848,165.45328,365.03856,366.96776000000006,0.0,195.58272000000002,0.0,165.55504000000002,113.67016000000001,32.0,83.0,149.67624
如月千早,6923.23736,0.0,0.0,322.62584000000004,434.72296,146.16128,0.0,90.42224,55.8408,31.5,72.0,0.0
水濑伊织,8000.89696,426.12848,0.0,384.26272,0.0,151.57576000000003,0.0,57.73184,36.19688,26.0,77.0,0.0
三浦 梓,5361.80224,243.94416,0.0,215.59552,0.0,177.34224,0.0,134.97616,67.83576000000001,26.4,91.0,0.0
秋月律子,4425.266800000001,70.96488000000001,0.0,177.59663999999998,0.0,218.17768,0.0,235.15040000000002,64.54128,25.0,85.0,0.0
双海亚美,1542.0456000000001,49.42992,518.28488,0.0,0.0,118.2748,0.0,207.99744,43.84584,23.0,74.0,0.0
双海真美,1542.0456000000001,49.42992,518.28488,0.0,0.0,118.2748,0.0,207.99744,43.84584,23.0,74.0,0.0
宝多六花 ,4655.27832,181.57376,374.69304,395.08320000000003,0.0,195.58272000000002,0.0,163.32056,121.31064,35.0,55.0,165.79672000000002
新条茜 ,7820.73936,434.72296,0.0,360.50176000000005,0.0,157.9188,0.0,66.43232,36.19688,26.0,55.0,0.0
莲,3653.7140000000004,142.85832,290.07959999999997,348.62128000000007,0.0,181.57376,0.0,166.61504,120.25912000000001,33.0,55.0,144.26176
奈美子,4111.634,240.77264000000002,218.17768,213.35256,0.0,181.57376,0.0,131.81312,40.55136,24.0,55.0,0.0
南梦芽,5361.80224,251.47864,0.0,252.28,0.0,189.10824,0.0,154.62008,76.53624,25.6,55.0,0.0
飞鸟川千濑,7175.0128,0.0,0.0,316.15136,408.9395200000001,146.16128,0.0,90.42224,50.4348,28.0,55.0,0.0
貉,7766.399520000001,399.41648000000004,0.0,197.12608000000003,0.0,138.6268,0.0,62.08632000000001,40.55136,30.0,55.0,0.0
第二代,8609.833040000001,398.23352000000006,0.0,316.15136,380.11600000000004,132.15232,0.0,79.47879999999999,39.37688,33.0,55.0,0.0
公主,5455.6504,72.02488000000001,0.0,129.96872,0.0,219.23768,0.0,218.80944000000002,78.75376,30.0,55.0,0.0
莱莎琳・斯托特,4542.51552,146.16128,380.11600000000004,386.37424000000004,0.0,202.05720000000002,0.0,166.61504,121.31064,35.0,66.0,165.79672000000002
科洛蒂娅・巴兰茨,6190.85792,0.0,0.0,269.69792,408.9395200000001,195.58272000000002,0.0,95.82824,74.29328,28.0,54.0,85.07136
帕特莉夏・阿贝尔海姆,8534.7808,441.07448000000005,0.0,356.14728,0.0,157.9188,0.0,70.7868,40.55136,30.0,52.0,0.0
莉拉・德西亚斯,4301.55208,276.07064,256.77016,212.30104,0.0,181.57376,0.0,127.33568000000001,74.29328,24.0,46.0,0.0
赛莉・古劳斯,6737.79672,0.0,0.0,305.33088000000004,399.41648000000004,140.73832,0.0,103.47720000000001,50.4348,28.0,40.0,0.0
卡・伊迪亚斯,6749.668720000001,282.54512000000005,0.0,233.942,0.0,165.45328,0.0,128.51864,38.43984,22.4,59.0,0.0
飞鸟,3734.0323200000003,181.57376,360.80704000000003,383.20272,0.0,195.58272000000002,0.0,160.02608000000004,111.33816,32.0,90.0,149.67624
斑鸠,4426.86104,273.95064,232.05520000000004,203.59207999999998,0.0,177.34224,0.0,140.5136,85.55472,28.0,93.0,0.0
焰,2054.174,50.61288,536.52536,0.0,0.0,96.73136000000001,0.0,210.11744,43.84584,23.0,87.0,0.0
雪泉,6923.23736,0.0,0.0,338.85232,424.01696000000004,118.2748,0.0,95.82824,52.54632000000001,30.0,92.0,0.0
雪不归,8192.91384,435.15968000000004,0.0,357.06736,0.0,169.41344,0.0,70.6384,39.23696,30.0,95.0,0.0
紫,5131.659280000001,0.0,0.0,260.98896,395.05352000000005,188.04824,0.0,95.82824,74.29328,28.0,105.0,85.07136
夕烧,4189.0945600000005,235.35816000000003,0.0,193.95456000000001,0.0,170.86776,0.0,128.51864,79.09720000000002,28.0,90.0,0.0
飞龙・META,5794.1296,0.0,0.0,316.12592,429.66040000000004,140.96728000000002,0.0,91.34656000000001,60.64896,34.0,36.0,0.0
皇家方舟・META,6459.94952,0.0,0.0,325.11472000000003,425.06848,116.82048,0.0,105.99576000000002,53.51728,31.0,87.0,0.0
海伦娜・META,4246.75856,177.47368,0.0,419.654,0.0,198.08856000000003,0.0,187.57336,97.50728000000001,33.0,33.0,159.00848000000002
苍龙・META,5362.01,0.0,0.0,313.48016,425.06848,136.24392,0.0,104.93576000000002,50.642559999999996,34.0,36.0,0.0
扶桑・META,7421.064240000001,405.3652,0.0,238.26680000000002,0.0,143.7784,0.0,67.84,32.55896,23.0,13.0,0.0
飞鹰・META,6665.62768,0.0,0.0,294.39592000000005,330.39776000000006,195.97704000000002,0.0,115.40432000000001,81.82352,26.0,43.0,78.04568
格奈森瑙・META,7607.310480000002,394.92208,170.99919999999997,291.1396,0.0,166.24192,0.0,65.99136,35.0648,31.0,64.0,0.0
隼鹰・META,6665.62768,0.0,0.0,259.41592,330.39776000000006,195.97704000000002,0.0,115.40432000000001,81.82352,26.0,80.0,78.04568
沙恩霍斯特・META,7607.310480000002,372.17871999999994,177.34224,291.1396,0.0,166.24192,0.0,65.99136,35.0648,31.0,43.0,0.0
山城・META,7809.94008,414.7568,0.0,238.13536000000002,0.0,148.93,0.0,67.70856,33.61896,23.0,14.0,0.0
孟菲斯・META,3434.5229600000002,152.10152,219.89488,307.40000000000003,0.0,193.19984000000002,0.0,154.5692,100.54736,35.0,67.0,90.85472000000001
反击・META,7005.370400000001,381.03608,0.0,313.34872,0.0,144.69848000000002,0.0,62.29408,37.842,32.0,28.0,0.0
特伦托・META,3721.0324800000003,242.09552000000002,177.34224,195.45128,0.0,167.82768000000002,0.0,121.02232000000001,74.66216000000001,29.0,42.0,0.0
声望・META,7065.603840000002,385.00472,0.0,325.11472000000003,0.0,158.44456000000002,0.0,69.42576,38.367760000000004,33.0,85.0,0.0
猎人・META,1863.48848,89.68872,381.03608,173.25064000000003,0.0,212.22896000000003,0.0,213.59424000000004,287.53984,43.0,24.0,252.00864
命运女神・META,1777.9592000000002,117.16392,389.49912,164.26184,0.0,212.22896000000003,0.0,216.88024000000001,279.42024,43.0,68.0,207.09008
亚利桑那・META,7337.5786400000015,434.72296,0.0,264.8304,0.0,151.57576,0.0,64.01128000000001,23.315760000000004,21.0,28.0,0.0
谢菲尔德・META,3851.2767999999996,163.20184,304.08856000000003,353.93824000000006,0.0,193.19984000000002,0.0,169.75264,108.73056,32.0,78.0,99.96648
伊丽莎白女王・META,7667.28104,430.36,0.0,222.80352000000002,0.0,153.55584000000002,0.0,69.27736000000002,33.58504,24.0,25.0,0.0
拉・加利索尼埃・META,3461.79464,190.02831999999998,320.08608000000004,313.34872,0.0,178.928,0.0,181.63312000000002,124.70264,31.0,35.0,157.42272
U-556・META,1731.33192,63.201440000000005,560.97744,0.0,0.0,116.69752,0.0,181.63312000000002,32.55896,18.0,45.0,0.0
女灶神・META,4700.035760000001,198.6228,0.0,154.61584000000002,0.0,171.13064000000003,0.0,111.67312000000001,45.825919999999996,16.0,78.0,0.0
阿尔及利亚・META,5243.39176,290.21103999999997,232.58096,249.10424000000006,0.0,202.32008000000002,0.0,140.84008,63.17176,25.0,50.0,0.0
旗风・META,1893.99528,68.95088000000001,320.08608000000004,162.41320000000002,0.0,212.22896000000003,0.0,199.45383999999999,224.09248000000002,45.0,87.0,208.80728000000002
神通・META,3081.0808000000006,177.34224,408.32471999999996,327.76048000000003,0.0,207.47168,0.0,165.92392,116.05728000000002,35.0,38.0,111.72400000000002
普林斯顿・META,5006.36304,0.0,0.0,259.41592,359.2212800000001,183.4224,0.0,102.54440000000001,86.49600000000001,32.0,49.0,78.04568
黑暗界・META,3863.0809600000002,287.69672,0.0,173.51352000000003,0.0,150.12144,0.0,89.50640000000001,66.9284,12.0,91.0,0.0
基洛夫・META,4290.93088,210.6432,304.08856000000003,348.38383999999996,0.0,190.02832,0.0,161.438,111.77912,37.0,52.0,166.14016
金伯利・META,1796.39472,100.38624000000002,375.49016,181.31088,0.0,210.24888000000004,0.0,213.06848,208.84544000000002,42.0,77.0,229.01936
水星纪念・META,3578.53456,142.32408,196.5028,217.78336000000004,0.0,146.94992000000002,0.0,151.14328,107.01336,23.0,88.0,58.3848
罗德尼・META,8048.321359999999,426.56520000000006,0.0,229.14656,0.0,156.8588,0.0,72.58032,33.190720000000006,23.0,81.0,0.0
吸血鬼・META,1609.86016,69.47664,385.00472,170.21056,0.0,207.07736,0.0,184.15592,206.06824,41.0,42.0,223.60487999999998
贝亚恩・META,6176.2808,183.55383999999998,0.0,325.11472000000003,419.23424000000006,116.82048,0.0,82.6376,26.80104,22.0,42.0,0.0
福煦・META,4093.53344,248.30712,264.96184,253.59864,0.0,182.23096,0.0,135.56552,59.92392,26.0,45.0,0.0
威奇塔・META,3908.47016,294.83688,0.0,235.22672000000003,0.0,190.02832,0.0,142.54032,52.168960000000006,26.0,70.0,0.0
海王星,4742.821600000001,175.74800000000002,359.44176000000004,371.1908,0.0,166.24192,0.0,162.78632000000002,100.92048,33.5,0.0,155.09072000000003
君主,8155.45768,432.59872,0.0,235.51928,0.0,170.9992,0.0,68.00112,36.59968,28.0,0.0,0.0
伊吹,4904.0221599999995,276.55824,295.82480000000004,198.57192,0.0,189.89688,0.0,140.5136,89.06544000000001,28.0,0.0,0.0
出云,8812.806080000002,437.6104000000001,0.0,242.11672000000002,0.0,148.79856,0.0,68.25552,38.83416,28.0,0.0,0.0
罗恩,6055.101600000001,289.62168,220.47575999999998,238.288,0.0,174.30216000000001,0.0,129.0444,80.51336,26.0,0.0,0.0
路易九世,5485.5,282.76135999999997,231.03336000000002,253.59440000000004,0.0,193.19984000000002,0.0,141.03936,83.15064000000001,26.4,0.0,0.0
西雅图,5376.9348,182.34544,0.0,373.30232000000007,0.0,158.44456,0.0,161.47192,100.13184,33.0,0.0,157.99088
佐治亚,8486.2752,445.50528,0.0,418.44984000000005,0.0,166.11048,0.0,75.51016,31.49048,33.0,0.0,0.0
北风,2702.9576,88.66688,401.41776000000004,201.48056,0.0,226.50080000000003,0.0,225.3984,246.40336,44.0,0.0,202.79496
吾妻,7717.25792,314.17128,0.0,231.03336000000002,0.0,172.45352000000003,0.0,129.17584000000002,51.52872000000001,27.2,0.0,0.0
腓特烈大帝,10122.291920000001,458.84008,0.0,246.73408,0.0,159.89888000000002,0.0,67.74672,28.06456,30.0,0.0,0.0
加斯科涅,8047.676880000001,439.56504,0.0,247.1284,0.0,170.9992,0.0,73.67848000000001,37.808080000000004,32.0,0.0,0.0
柴郡,5260.2415200000005,288.57016,212.56392,418.44984000000005,0.0,158.44456,0.0,133.77624,78.64776,27.2,0.0,0.0
德雷克,5800.0783200000005,295.82480000000004,250.95712000000003,295.82480000000004,0.0,141.0012,0.0,149.06568,77.85912,26.6,0.0,0.0
美因茨,5382.340800000001,171.65640000000002,197.52040000000002,361.42184000000003,0.0,185.40248000000003,0.0,131.81312,78.07112000000001,25.6,0.0,122.32400000000001
奥丁,7296.170800000001,369.21072000000004,246.73408,345.18688000000003,0.0,173.90784,0.0,63.78656000000001,38.054,30.0,0.0,0.0
香槟,7058.31952,464.25456,0.0,247.1284,0.0,183.55384,0.0,79.61024,37.808080000000004,32.0,0.0,0.0
安克雷奇,6399.135200000001,257.94888000000003,219.81856000000002,232.08488,0.0,166.11048,0.0,152.64000000000001,82.49344,26.4,0.0,0.0
白龙,8549.67592,0.0,0.0,330.2748000000001,462.66880000000003,128.05224,0.0,99.50856000000002,59.26672,34.5,0.0,0.0
埃吉尔,8056.106000000001,288.57016,206.3608,257.42312000000004,0.0,170.9992,0.0,134.4504,53.5088,26.8,0.0,0.0
奥古斯特・冯・帕塞瓦尔,7402.997600000001,0.0,0.0,334.3664,439.17072,121.97208,0.0,111.38056,49.400240000000004,31.8,0.0,0.0
马可波罗,8621.166560000001,441.1508,0.0,264.28344000000004,0.0,158.44456,0.0,66.02104,41.87424000000001,32.0,0.0,0.0
普利茅斯,5684.36024,198.57192,399.832,341.4896,0.0,181.96808000000001,0.0,183.60472,103.55776,31.5,0.0,155.3536
鲁普雷希特亲王,8674.39976,379.37399999999997,305.33088000000004,326.05176,0.0,151.7072,0.0,66.42384,40.822720000000004,32.0,0.0,0.0
哈尔滨,3665.75984,153.84416000000002,371.1908,415.40975999999995,0.0,196.5028,0.0,171.48680000000002,188.08216000000002,33.4,0.0,149.93912
契卡洛夫,6426.970800000001,0.0,0.0,328.16328,445.50528,121.97208,0.0,107.8232,49.400240000000004,32.3,0.0,0.0
布雷斯特,7525.737120000001,305.85663999999997,0.0,259.53464,0.0,193.19984000000002,0.0,132.08448,52.31736000000001,24.8,0.0,0.0
奇尔沙治,9389.759839999999,441.1508,0.0,340.56952000000007,401.70184,155.27304,0.0,81.86168,39.10552,30.0,0.0,0.0
四万十,5376.3624,173.13616000000002,435.44800000000004,455.27424,0.0,158.44456,0.0,167.67504,96.86280000000001,34.5,0.0,149.93912
菲利克斯・舒尔茨,3379.91176,141.18352000000002,356.93592,165.05896,0.0,220.15776,0.0,225.11856,218.95784,43.8,0.0,213.63240000000002
兴登堡,6033.732,320.37440000000004,261.64616,237.63080000000002,0.0,177.2108,0.0,149.6084,83.15064000000001,25.2,0.0,0.0
弗兰德尔,8806.217120000001,445.11096000000003,0.0,276.55824,0.0,169.41344,0.0,73.67848000000001,40.44536,33.5,0.0,0.0
